ID,Subject,Topic,Question,OptionA,OptionB,OptionC,OptionD,OptionE,CorrectAnswer,Explanation
,SK-22,Anatomy,"A patient presents with abdominal pain, bleeding from the posterior wall of the gastric antrum, and signs of pancreatitis. Which peritoneal compartment is most likely affected?",Lesser sac,Greater sac,,,,A,
,SK-22,Anatomy,Which type of nerve carries pain sensations from irritation of the parietal peritoneum?,Somatic nerves,Olfactory nerve,,,,A,
,SK-22,Anatomy,A woman presents with a swelling just inferior and lateral to the pubic tubercle. What is the most likely diagnosis?,Femoral hernia,Pancreatic pseudocyst,,,,A,
,SK-22,Anatomy,A posterior perforation of the gastric antrum allows gastric contents to enter which anatomic space?,Lesser sac,Retroperitoneum,,,,A,
,SK-22,Anatomy,"An elderly woman has an incisional hernia at a previous abdominal incision and is taken for surgical exploration. After incising the skin and superficial layers, which structure is encountered immediately when the hernia sac is opened?",Fascia transversalis,Thoracic pleura,,,,A,
,SK-22,Anatomy,Ischemic colitis is confined to the transverse colon. Which arterial branch is most likely occluded?,Middle colic artery,Right colic artery,,,,A,
,SK-22,Anatomy,A posterior duodenal ulcer has caused gastrointestinal bleeding. Which artery is most likely to have been eroded?,Gastroduodenal artery,Left gastric artery,,,,A,
,SK-22,Anatomy,Which nerve is most commonly injured during an appendectomy?,Iliohypogastric nerve,Ilioinguinal nerve,,,,A,
,SK-22,Anatomy,A patient sustained a 3 cm vertical stab wound on the right lateral side of the linea alba. He was initially stable but later developed hypotension and shock; which vessel is most likely injured?,IVC,Superior mesenteric Artery,,,,A,
,SK-22,Anatomy,"During a procedure posterior to the stomach, which artery lies directly behind the stomach?",Splenic artery,Celiac trunk,,,,A,
,SK-22,Anatomy,Which position does the deep inguinal ring occupy relative to the inferior epigastric vessels?,Lateral,Anterior to the spleen,,,,A,
,SK-22,Anatomy,An ulcer in the proximal (upper) duodenum bleeds due to injury to which artery?,Gastroduodenal,Inferior pancreaticoduodenal,,,,A,
,SK-22,Anatomy,"On an axial radiograph, a structure is absent at the T11 level but present at T12 posterior to the stomach. Identify the structure.",Tail of Pancreas,Spleen,,,,A,
,SK-22,Anatomy,You identify a hernia protruding below the inguinal ligament. Which structure forms the posterior wall of this hernia?,Fascia iliaca,Transverse colon,,,,A,
,SK-22,Anatomy,A perforated duodenal ulcer can erode arteries adjacent to the duodenum; which of the following arteries may be involved?,Gastroduodenal artery,Inferior pancreaticoduodenal artery,,,,A,
,SK-22,Anatomy,Which lymph node group drains the lateral portion of the breast?,Central lymph nodes,Apical lymph nodes,,,,A,
,SK-22,Anatomy,Which artery provides the primary blood supply to the interventricular septum?,Anterior interventricular (LAD) artery,Posterior descending artery,,,,A,
,SK-22,Anatomy,Which cardiac chamber most commonly compresses the esophagus when pathologically enlarged?,Left atrium,Left ventricle,,,,A,
,SK-22,Anatomy,Which of the following structures is located in the posterior mediastinum?,Descending thoracic aorta,Femur,,,,A,
,SK-22,Anatomy,A stent was placed in the region of the heart that contains the muscular band connecting the interventricular septum to the anterior papillary muscle of the right ventricle. What is this structure called?,Moderator band,Trabeculae carneae,,,,A,
,SK-22,Anatomy,Identify the origin of the left coronary artery and a major branch it gives off.,Arises from the left coronary sinus; gives off the anterior interventricular artery,Arises from the right coronary sinus; gives off the posterior interventricular artery,,,,A,
,SK-22,Anatomy,"Coronary angiography demonstrates occlusion of the artery supplying the heart's pacemaker (sinoatrial node). In about 60% of individuals, this artery arises from which coronary artery?",Right coronary artery,Left anterior descending artery,,,,A,
,SK-22,Anatomy,Which artery originates from the left aortic sinus and supplies the anterior interventricular septum?,Left coronary artery,Circumflex artery,,,,A,
,SK-22,Anatomy,Which anatomical structure passes through the vertebral level T12?,Aorta,Esophagus,,,,A,
,SK-22,Anatomy,A stab wound is located just below the xiphoid process at the level of the sixth intercostal space. Which structure is most likely injured?,Inferior vena cava,Abdominal aorta,,,,A,
,SK-22,Anatomy,A 2-day-old infant with cyanosis is diagnosed with transposition of the great arteries. Which finding best explains the pathophysiology?,Pulmonary artery arises from the left ventricle,Aorta is on the right side of the heart,,,,A,
,SK-22,Anatomy,A ductus arteriosus that remains open after birth is termed which condition?,Patent,Fibrosed,,,,A,
,SK-22,Anatomy,"A 12-hour-old newborn with drooling, regurgitation, and excessive crying has a congenital defect in which structure?",Tracheoesophageal septum,Ventricular septal defect,,,,A,
,SK-22,Anatomy,A newborn has abdominal contents protruding through the umbilicus that are covered by a membranous sac. The intestines failed to return to the abdominal cavity during fetal development; what is the most likely diagnosis?,Omphalocele,Meckel's diverticulum,,,,A,
,SK-22,Anatomy,A patient presents with bilateral undescended testes and a history of inguinal hernia. Which structure is most likely defective?,Tunica vaginalis,Spermatic cord,,,,A,
,SK-22,Anatomy,The primitive oral cavity (stomodeum) develops from a depression anterior to the embryonic gut tube that initially lacks an epithelial lining. From which embryonic layer does this structure originate?,Ectoderm,Foregut endoderm,,,,A,
,SK-22,Anatomy,From which embryonic germ layer do thyroid follicular cells originate?,Endoderm,Ectoderm,,,,A,
,SK-22,Anatomy,Which site is the primary location of erythropoiesis during the first trimester of embryonic development?,Yolk sac,Bone marrow,,,,A,
,SK-22,Anatomy,From which cellular organelle is the sperm acrosome derived?,Golgi apparatus,Mitochondria,,,,A,
,SK-22,Anatomy,An elevated alpha-fetoprotein (AFP) level is classically associated with failure of closure of which embryonic structure?,Neural tube,Abdominal wall,,,,A,
,SK-22,Anatomy,A horseshoe kidney fails to ascend normally because it becomes arrested at the level of which arterial structure?,Inferior mesenteric artery,Superior mesenteric artery,,,,A,
,SK-22,Anatomy,Which structure develops from the metanephros?,Definitive adult kidney structures,Ureter only,,,,A,
,SK-22,Anatomy,Which embryonic layer gives rise to primordial germ cells?,Epiblast,Ectoderm,,,,A,
,SK-22,Anatomy,A 2-month-old infant with severe dyspnea has a chest x-ray showing absence of the left lung shadow and coiled bowel loops within the left hemithorax. Which embryologic defect explains this finding?,Pleuroperitoneal septum,Esophageal hernia,,,,A,
,SK-22,Anatomy,"Within the submandibular triangle, the lingual nerve lies lateral to which structure?",Hypoglossal nerve,Facial vein,,,,A,
,SK-22,Anatomy,Which artery is most commonly injured by trauma to the pterion?,Middle meningeal artery,Anterior cerebral artery,,,,A,
,SK-22,Anatomy,A fracture extends through the jugular foramen. Which muscle is most likely spared?,Hyoglossus,Biceps brachii,,,,A,
,SK-22,Anatomy,"A patient has deep, aching pain over the upper cheek and the region below the orbit. Which nerve is most likely involved?",Maxillary nerve (V2),Hypoglossal nerve (CN XII),,,,A,
,SK-22,Anatomy,Which cranial nerve provides the primary parasympathetic innervation to the parotid gland?,Glossopharyngeal nerve,Trigeminal nerve,,,,A,
,SK-22,Anatomy,A mass arising in the infratemporal fossa extends medially into the cranial cavity. Through which structure does it most likely pass?,Foramen ovale,Foramen rotundum,,,,A,
,SK-22,Anatomy,"During lymph node dissection in the posterior triangle of the neck, which nerve is most at risk?",Spinal accessory nerve,Median nerve,,,,A,
,SK-22,Anatomy,A patient has excessive tearing. Which nerve carries the postganglionic parasympathetic fibers that innervate the lacrimal gland?,Maxillary nerve,Facial nerve,,,,A,
,SK-22,Anatomy,Which bone contributes to the middle cranial fossa?,Greater wing of sphenoid,Occipital bone,,,,A,
,SK-22,Anatomy,"A patient presents with excessive lacrimation. Which of the following nerves, associated with the pterygopalatine ganglion, is most likely responsible for lacrimation?",Greater petrosal nerve,Optic nerve,,,,A,
,SK-22,Anatomy,A lesion in the posterior triangle of the neck causes weakness when shrugging the shoulder. Which nerve is injured?,Spinal accessory nerve,Hypoglossal nerve,,,,A,
,SK-22,Anatomy,Which nerve is endangered when vessels adjacent to the superior thyroid artery are ligated during thyroidectomy?,External laryngeal nerve,Superior laryngeal nerve,,,,A,
,SK-22,Anatomy,"During thyroid surgery, ligation of the superior thyroid artery while operating on the gland's upper pole can impair a patient's ability to modulate pitch. Which nerve is most likely at risk?",External laryngeal nerve,Internal laryngeal nerve,,,,A,
,SK-22,Anatomy,Frey syndrome causes sweating and flushing over the preauricular region during meals; it results from injury to which nerve?,Auriculotemporal nerve,Facial nerve,,,,A,
,SK-22,Anatomy,A patient presents with epistaxis originating from the lateral nasal wall. Which artery is most likely involved?,Sphenopalatine artery,Coronary artery,,,,A,
,SK-22,Anatomy,Which artery provides the primary blood supply to the anterior two-thirds of the tongue?,Lingual artery,Superior thyroid artery,,,,A,
,SK-22,Anatomy,"After a road traffic accident, the patient has pain at the skull base; imaging shows a fracture of a slender bony projection extending inferiorly from the skull base. This projection is a part of which bone?",Petrous temporal bone,Squamous temporal bone,,,,A,
,SK-22,Anatomy,Which two structures are separated by the buccopharyngeal fascia?,Buccinator muscle from overlying tissues,Parotid gland from masseter,,,,A,
,SK-22,Anatomy,"With bilateral mandibular dislocation, the jaw deviates to one side. Which muscle primarily causes unilateral lateral deviation of the mandible?",Lateral pterygoid,Masseter,,,,A,
,SK-22,Anatomy,Where is the facial artery most easily palpated to achieve hemostasis?,At the anterior border of the masseter muscle,At the lateral epicondyle of the humerus,,,,A,
,SK-22,Anatomy,Fracture of which bone is associated with injury to the styloid process?,Temporal bone,Sphenoid,,,,A,
,SK-22,Anatomy,Lymph from the apex (tip) of the tongue drains primarily to which lymph nodes?,Submental nodes,Deep cervical nodes,,,,A,
,SK-22,Anatomy,A facial nerve injury is located proximal to the origin of the chorda tympani. Which of the following functions would be preserved?,Sensation from anterior two-thirds of tongue,Hyperacusis,,,,A,
,SK-22,Anatomy,Which skull bone contains the sella turcica?,Sphenoid bone,Clavicle,,,,A,
,SK-22,Anatomy,Which leukocyte involved in allergic reactions has a bilobed nucleus and blue-pink cytoplasmic granules?,Eosinophil,Neutrophil,,,,A,
,SK-22,Anatomy,Which cell type naturally releases heparin?,Mast cells,Endothelium,,,,A,
,SK-22,Anatomy,A mass in the sternoclavicular region is suspected to be an aortic aneurysm. Which structure protects the aorta from rupture?,Elastic lamina,Elastic fibers,,,,A,
,SK-22,Anatomy,Nissl substance corresponds to which cellular organelle in neurons?,Rough ER,Cell wall,,,,A,
,SK-22,Anatomy,Which epithelial type best describes the conjunctival epithelium?,Stratified columnar,Stratified squamous non-keratinized,,,,A,
,SK-22,Anatomy,A woman with irregular menstrual cycles has a mid-cycle endometrial biopsy. Which endometrial phase is most likely present?,Proliferative phase,Menstrual phase,,,,A,
,SK-22,Anatomy,Which salivary gland is a seromucous gland with predominantly serous acini?,Submandibular,Thyroid gland,,,,A,
,SK-22,Anatomy,Which salivary gland is a mixed gland containing both serous and mucous acini and exhibits serous demilunes?,Submandibular gland,Parotid gland,,,,A,
,SK-22,Anatomy,"After surgery, a patient develops gastritis; biopsy shows degeneration predominantly of mucus-secreting submucosal glands. Which gland is primarily involved?",Brunner's glands,Chief cells,,,,A,
,SK-22,Anatomy,Which salivary gland predominantly produces mucous (mucinous) secretions?,Sublingual,Submandibular,,,,A,
,SK-22,Anatomy,Which histologic features characterize gastric parietal cells?,"Located in basal region, eosinophilic cytoplasm, central nucleus, granular appearance","Mucus-secreting, apical nucleus",,,,A,
,SK-22,Anatomy,Which intestinal cells sample luminal antigens and deliver them to underlying lymphoid tissue?,M cells,Goblet cells,,,,A,
,SK-22,Anatomy,Which connective tissue layer directly surrounds each individual skeletal muscle fiber?,Endomysium,Epimysium,,,,A,
,SK-22,Anatomy,A tubular organ biopsy shows a lining of simple columnar epithelium on histology. Which of the following structures most likely corresponds to this finding?,Uterus,Cervix,,,,A,
,SK-22,Anatomy,Which of the following is lined by stratified nonkeratinized squamous epithelium?,Vagina,Cervix,,,,A,
,SK-22,Anatomy,Ciliated simple columnar epithelium containing goblet cells is typically found in the bronchi.,Bronchi,Trachea,,,,A,
,SK-22,Anatomy,Which cell type predominantly resides in the interalveolar septum of the lung?,Macrophages,Eosinophils,,,,A,
,SK-22,Anatomy,"After a posterior hip dislocation, a patient develops foot drop. Which nerve is most likely injured?",Sciatic,Femoral,,,,A,
,SK-22,Anatomy,The patient cannot dorsiflex the great toe. Which nerve is most likely injured?,Peroneal nerve,Phrenic nerve,,,,A,
,SK-22,Anatomy,Loss of the ability to invert the foot (turn the sole medially) results from injury to which muscle(s)?,Both B and C,Gastrocnemius,,,,A,
,SK-22,Anatomy,A 32-year-old woman in her third trimester has intermittent medial thigh pain when standing; examination shows no neurologic deficits. Which structure is most likely being stretched or compressed to cause this normal finding?,Obturator nerve,Median nerve,,,,A,
,SK-22,Anatomy,An ankle sprain caused by excessive eversion most likely injures which structure?,Deltoid ligament,Calcaneal tendon,,,,A,
,SK-22,Anatomy,A patient has a swelling lateral to the femoral artery. Which structure beneath the skin will be encountered first?,Aponeurosis of external oblique,Transversalis fascia,,,,A,
,SK-22,Anatomy,A nail has penetrated the web space between the first and second metatarsals. Which artery is most likely injured?,Plantar arch,Dorsalis pedis,,,,A,
,SK-22,Anatomy,Which lymph nodes receive the primary lymphatic drainage from the buttock?,Inguinal nodes,Para-aortic nodes,,,,A,
,SK-22,Anatomy,Which lymph nodes receive the primary lymphatic drainage from the external nose and the anterior part of the nasal cavity?,Submandibular,Inguinal,,,,A,
,SK-22,Anatomy,Which part of a long bone develops from the secondary ossification center?,Epiphysis,Metaphysis,,,,A,
,SK-22,Anatomy,"A young boy has difficulty initiating shoulder abduction between 0° and 30°, with the rest of the exam normal. Which muscle is most likely affected?",Supraspinatus,Subscapularis,,,,A,
,SK-22,Anatomy,Lower rib fractures most commonly involve which rib?,7th rib,1st rib,,,,A,
,SK-22,Anatomy,At approximately which vertebral level is the xiphoid process located?,T9/T10,T7/T8,,,,A,
,SK-22,Anatomy,"In acute cholecystitis, referred visceral pain is typically perceived in which dermatome?",T7–T9,C5,,,,A,
,SK-22,Anatomy,A patient presents to the emergency department with abdominal pain from a gastric ulcer. Which nerve transmits visceral pain fibers?,Greater splanchnic nerve,Median nerve,,,,A,
,SK-22,Anatomy,The patient has sensory loss from below the chin to the upper border of the manubrium. Which cervical dermatome is affected?,C3–C4,C4–C5,,,,A,
,SK-22,Anatomy,"In acute appendicitis, initial periumbilical pain is referred from which spinal dermatome?",T10,C5,,,,A,
,SK-22,Anatomy,Which nerve transmits pain from peritoneal irritation in the epigastric region to the spinal cord?,Greater splanchnic nerve,Vagus nerve,,,,A,
,SK-22,Anatomy,Pain from the diaphragmatic dome is referred to the shoulder. Which nerves transmit its sensory fibers?,Phrenic nerves only,Both phrenic and intercostal nerves,,,,A,
,SK-22,Anatomy,"A patient presents with fever, neck stiffness, and altered mental status and requires a lumbar puncture. Which anatomical site is ideal for the procedure?",Above the spinous process of L4,Below the spinous process of L5,,,,A,
,SK-22,Anatomy,Which surface landmark is used to identify the L3-4 vertebral level for spinal anesthesia in a woman in labor?,L3-4 vertebrae,Sternal notch,,,,A,
,SK-22,Anatomy,"A lesion involving the facial nerve nucleus, abducens nucleus, and corticospinal tracts most likely localizes to which part of the brainstem?",Pons,Spinal cord,,,,A,
,SK-22,Anatomy,A lesion causing impaired balance and abnormal eye movements involves which region of the cerebellum?,Flocculonodular lobe,Anterior lobe,,,,A,
,SK-22,Anatomy,A lesion of Brodmann area 43 most likely disrupts which function?,Taste,Renal function,,,,A,
,SK-22,Anatomy,"A patient has lost fine touch, pain, and temperature sensation, and MRI demonstrates a parietal lobe lesion. Which Brodmann areas are involved?","1, 2, 2003",17,,,,A,
,SK-22,Anatomy,Broca's area is located in the dominant inferior frontal gyrus of the frontal lobe.,Inferior frontal gyrus,Superior frontal lobe,,,,A,
,SK-22,Anatomy,Which pathway carries the preganglionic parasympathetic fibers destined for the parotid gland?,Glossopharyngeal nerve,Vagus nerve,,,,A,
,SK-22,Anatomy,Which lymph nodes are most commonly involved in the lymphatic spread of prostate carcinoma?,Internal iliac nodes,Para-aortic lymph nodes,,,,A,
,SK-22,Anatomy,Identify the key anatomical landmark used to locate the pudendal nerve for performing a pudendal nerve block.,Ischial spine,Xiphoid process,,,,A,
,SK-22,Anatomy,A patient sustained a pelvic injury involving the acetabulum. Which bones form the acetabulum?,Ilium + ischium + pubis,Ilium + sacrum,,,,A,
,SK-22,Anatomy,A 27-year-old primigravida is in labor. Which nerve provides the somatic innervation to the birth canal?,Pudendal nerve,Femoral nerve,,,,A,
,SK-22,Anatomy,From which spinal nerve roots does the pudendal nerve originate?,S2-S4,C1-C3,,,,A,
,SK-22,Anatomy,Which region of the prostate is primarily assessed by a digital rectal examination?,Posterior lobe,Anterior lobe,,,,A,
,SK-22,Anatomy,From which spinal nerve roots does the pudendal nerve originate?,"S2, S3, S4","C5, C6",,,,A,
,SK-22,Anatomy,Identify the order of structures from medial to lateral in the inguinal region.,"Vein, Artery, Nerve (VAN)","Artery, Vein, Nerve (AVN)",,,,A,
,SK-22,Anatomy,Which bronchus is most likely to be compressed by an enlarged pulmonary artery branch (epiarterial swelling)?,Right superior bronchus,Right inferior bronchus,,,,A,
,SK-22,Anatomy,"When a foreign body is aspirated while the patient is supine, which part of the lung is it most likely to enter?",Apical segment of the right lower lobe,Posterior segment of the right upper lobe,,,,A,
,SK-22,Anatomy,The middle lobe of the right lung is divided into two anatomical segments. Identify these segments.,Medial and lateral segments,Cardiac and hepatic segments,,,,A,
,SK-22,Anatomy,"In bronchoscopy, after the scope passes into the trachea, which bronchial structure is typically seen first?",Right upper bronchus,Esophagus,,,,A,
,SK-22,Anatomy,A patient has a pleural effusion and is examined while standing. Where will the pleural fluid most likely collect?,Costodiaphragmatic recess,Oblique recess,,,,A,
,SK-22,Anatomy,Bronchial arteries most commonly arise from the descending thoracic aorta.,Descending aorta,Third intercostal artery,,,,A,
,SK-22,Anatomy,Which structure passes through the esophageal hiatus of the diaphragm?,Vagus nerve,Thoracic duct,,,,A,
,SK-22,Anatomy,"A bullet penetrates the chest wall; after passing through the internal thoracic muscles, which structure is encountered next?",Endothoracic fascia,Parietal pleura,,,,A,
,SK-22,Anatomy,From which vessel do most posterior intercostal arteries arise?,Thoracic aorta,Femoral artery,,,,A,
,SK-22,Anatomy,Which muscle increases the lateral (transverse) diameter of the thorax during inspiration?,External intercostals,Biceps brachii,,,,A,
,SK-22,Anatomy,Weakness of the intrinsic hand muscles accompanied by vascular compromise suggests injury at which anatomical level?,Axilla,Thoracic vertebrae,,,,A,
,SK-22,Anatomy,An ape-hand deformity results from a lesion of which peripheral nerve?,Median nerve,Radial nerve,,,,A,
,SK-22,Anatomy,"After prior breast surgery, a patient cannot abduct the arm above the head. Which muscle is most likely injured?",Serratus anterior,Gastrocnemius,,,,A,
,SK-22,Anatomy,Loss of elbow flexion indicates injury to which nerve?,Musculocutaneous nerve,Ulnar nerve,,,,A,
,SK-22,Anatomy,The lymph from the first dorsal web space of the hand drains primarily to which group of lymph nodes?,Infraclavicular,Supraclavicular,,,,A,
,SK-22,Anatomy,The patient has weakness with elbow flexion and impaired forearm supination. Which nerve is most likely injured?,Musculocutaneous nerve,Median nerve,,,,A,
,SK-22,Anatomy,"After posterior shoulder trauma, a man cannot laterally rotate his shoulder. Which muscle is most likely injured?",Infraspinatus,Gastrocnemius,,,,A,
,SK-22,Anatomy,Which lymph nodes lie along the anterior axillary fold?,Anterior axillary lymph,Popliteal,,,,A,
,SK-22,Anatomy,A man has numbness along the medial forearm and hand and shows signs of reduced arterial flow to the forearm. What is the most likely cause?,Cervical rib,Lumbar disc herniation,,,,A,
,SK-22,Anatomy,The patient has difficulty elevating the arm; the medial border of the scapula protrudes when they push against a wall. What is the diagnosis and which nerve is most likely injured?,Winged scapula – long thoracic nerve,Erb palsy – upper trunk of brachial plexus,,,,A,
,SK-22,Anatomy,A man lifting a heavy weight suddenly experiences pain and swelling in his proximal forearm. Which muscle that inserts on the radial tuberosity is most likely injured?,Biceps brachii,Brachioradialis,,,,A,
,SK-22,Anatomy,"After a shoulder injury, the patient cannot abduct the arm beyond 15 degrees and has numbness over the lateral shoulder (the ""regimental badge"" area). Which nerve is injured?",Axillary nerve,Suprascapular nerve,,,,A,
,SK-22,Anatomy,A patient with a mid-shaft humeral fracture has numbness in a small area on the posterior forearm. Which nerve is most likely injured?,Small strip on posterior forearm,Plantar surface of foot,,,,A,
,SK-22,Anatomy,"The patient cannot actively abduct the arm beyond 15 degrees, but passive abduction past 15 degrees is possible. Which muscle is damaged?",Deltoid,Serratus anterior,,,,A,
,SK-22,Anatomy,"A 30-year-old man falls and lands on his shoulder, producing arm adduction, internal rotation, and forearm pronation (a ""waiter's tip"" posture). Which part of the brachial plexus is most likely injured?",Upper trunk (C5–C6),Accessory nerve (CN XI),,,,A,
,SK-22,Anatomy,Which muscle remains functional after a deep branch radial nerve injury and thus prevents a complete wrist drop?,Extensor carpi radialis longus,Brachioradialis,,,,A,
,SK-22,Anatomy,A fracture through the anatomical snuffbox causing bleeding most likely injures which artery?,Radial artery,Femoral artery,,,,A,
,SK-22,Anatomy,Injury to which nerve produces winging of the scapula?,Long thoracic nerve,Median nerve,,,,A,
,SK-22,Anatomy,A patient with an axillary injury has loss of flexion of the index finger and reduced sensation over the lateral palm. Which nerve is affected?,Median nerve,Radial nerve,,,,A,
,SK-22,Biochemistry,"Catecholamines (dopamine, norepinephrine, and epinephrine) are synthesized from which amino acid?",Tyrosine,Tryptophan,,,,A,
,SK-22,Biochemistry,Abnormal metabolism of which amino acid leads to kidney stone formation?,Cysteine,Cholesterol,,,,A,
,SK-22,Biochemistry,A patient with recurrent renal calculi has calcium oxalate crystals on urinalysis. Excess catabolism of which amino acid most likely contributed?,Glycine,Valine,,,,A,
,SK-22,Biochemistry,Which classification best describes tyrosine among amino acids?,Conditionally essential,Non-essential,,,,A,
,SK-22,Biochemistry,Which of the following amino acids is nonessential?,Tyrosine,Methionine,,,,A,
,SK-22,Biochemistry,A woman eats a cake containing lactose and sucrose. Which monosaccharides are primarily absorbed into the bloodstream after digestion?,Glucose and Fructose,Ribose only,,,,A,
,SK-22,Biochemistry,Which enzymatic step in adrenal steroidogenesis is impaired in 17α-hydroxylase deficiency?,Pregnenolone → 17α-hydroxypregnenolone,17α-hydroxypregnenolone → 17α-hydroxyprogesterone,,,,A,
,SK-22,Biochemistry,What hepatic step must occur before bilirubin can be excreted into bile?,Conjugation with glucuronic acid in liver,Binding to albumin in blood,,,,A,
,SK-22,Biochemistry,Which term describes the reactant that determines the maximum amount of product that can be formed in a chemical reaction?,Limiting reagent,Catalyst,,,,A,
,SK-22,Biochemistry,"A person consumed a large amount of garlic, which inhibits HMG-CoA reductase. What is the expected metabolic effect?",DEC Cholesterol synthesis,Triglyceride synthesis,,,,A,
,SK-22,Biochemistry,"A 10-year-old child has corneal opacities and mild anemia. Labs show increased free cholesterol with decreased cholesterol esters and HDL, suggesting an inability to esterify cholesterol; which enzyme is most likely deficient?",Lecithin-cholesterol acyltransferase (LCAT),Acyl-CoA: cholesterol acyltransferase (ACAT),,,,A,
,SK-22,Biochemistry,Which lipoprotein is most decreased by a low-fat diet?,Chylomicrons,HDL,,,,A,
,SK-22,Biochemistry,A 10-month-old infant has hyperketotic hypoglycemia and accumulation of long-chain fatty acids despite normal carnitine levels. Which enzymatic defect is most likely?,Carnitine acyltransferase 2 (CPT-2),Carnitine transporter,,,,A,
,SK-22,Biochemistry,Which vitamin cofactors are essential for maintaining normal blood glucose during a 24-hour fast?,"Biotin, niacin, pyridoxine","Vitamin A, vitamin D, vitamin E",,,,A,
,SK-22,Biochemistry,A child presents with hypoketotic hypoglycemia and muscle weakness; serum carnitine is low while carnitine palmitoyltransferase activity is normal. The most likely defect is in:,Carnitine transport,Carnitine palmitoyltransferase I,,,,A,
,SK-22,Biochemistry,An alcoholic patient develops lactic acidosis. Which enzyme is most likely impaired?,Pyruvate dehydrogenase,Pyruvate kinase,,,,A,
,SK-22,Biochemistry,A child has self‑mutilating behavior and elevated serum uric acid; which enzyme deficiency explains this presentation?,HGPRT (Hypoxanthine-guanine phosphoribosyltransferase),Hemoglobin S,,,,A,
,SK-22,Biochemistry,A patient with dandruff is prescribed an antifungal agent. Which essential fatty acid deficiency can contribute to this condition?,Linoleic acid,Stearic acid,,,,A,
,SK-22,Biochemistry,Which condition results from niacin (vitamin B3) deficiency?,Pellagra,Scurvy,,,,A,
,SK-22,Biochemistry,"A 5-year-old child has chronic diarrhea with foul-smelling, pale, bulky stools and failure to thrive; examination shows undernutrition. Which vitamin deficiency is most likely responsible?",Retinoic acid (Vitamin A),Vitamin B2 (Riboflavin),,,,A,
,SK-22,Biochemistry,Which of the following is a one-carbon carrier?,Folate,Biotin,,,,A,
,SK-22,Biochemistry,A patient with chronic alcoholism has neurologic symptoms and laboratory evidence of reduced pyruvate dehydrogenase activity. Which vitamin deficiency most likely explains this finding?,Thiamine (B1),Niacin (B3),,,,A,
,SK-22,Biochemistry,"A patient presents with bleeding gums, easy bruising, and poor wound healing; these signs are most consistent with scurvy from defective collagen structure.",Defective collagen structure,Excessive vitamin A intake,,,,A,
,SK-22,Biochemistry,Which vitamin is most commonly associated with anti-aging effects because of its antioxidant activity?,Vitamin E,Vitamin K,,,,A,
,SK-22,Biochemistry,"A 45-year-old woman has had severe diarrhea, dermatitis, and confusion for 3 months. Exam shows a hyperpigmented, scaly rash on sun-exposed skin and mild anemia on labs; which vitamin deficiency most likely explains these findings?",Vitamin B3 (niacin),Vitamin B1 (thiamine),,,,A,
,SK-22,Biochemistry,Identify the plasma protein that serves as the main carrier of iron in the bloodstream.,Transferrin,Ferritin,,,,A,
,SK-22,Community Medicine,A researcher raises the confidence level from 95% to 99%. What effect does this have on the confidence interval?,Confidence interval becomes wider,Confidence interval becomes narrower,,,,A,
,SK-22,Community Medicine,"In a normal (Gaussian) distribution, which measures of central tendency are equal?","Mean, median, mode",Mean and SD,,,,A,
,SK-22,Community Medicine,A 55-year-old woman with newly diagnosed ovarian carcinoma asks that her family not be informed of her diagnosis. What is the most appropriate action for the physician?,Respect patient confidentiality and disclose nothing,Inform the patient's employer about the diagnosis,,,,A,
,SK-22,Community Medicine,Which statistical test compares the means of two independent groups?,T-test,Mann-Whitney U test,,,,A,
,SK-22,Community Medicine,"The population was divided into age-based groups and subgroups, and individuals were randomly selected from each group.",Stratified sampling,Quota sampling,,,,A,
,SK-22,Gynecology,A 20-year-old woman is vitally stable with a normal hormonal profile and 8 weeks of amenorrhea. What is the most likely diagnosis?,Anovulation,Gonadal failure,,,,A,
,SK-22,Medicine,Rib notching on a chest radiograph is classically seen in which condition?,Post ductal coarctation of Aorta,Preductal coarctation of the aorta,,,,A,
,SK-22,Medicine,Which ECG finding is most likely three years after a myocardial infarction?,Pathological Q waves,Normal ECG,,,,A,
,SK-22,Medicine,An ECG showing T-wave inversion with prominent U waves most strongly suggests which electrolyte disturbance?,Hypokalemia,Hyperkalemia,,,,A,
,SK-22,Medicine,"In dilated cardiomyopathy, which mechanism explains the increase in myocardial contractility when ventricular stretch is increased?",Increased Ca2+ sensitivity of myofilaments,Increased insulin secretion,,,,A,
,SK-22,Medicine,A patient with an acute myocardial infarction develops hypotension and clinical signs of right ventricular failure. Which coronary artery is most likely occluded?,Right coronary artery (RCA),Left circumflex artery (LCX),,,,A,
,SK-22,Medicine,Which coronary artery is most commonly occluded by thrombosis in myocardial infarction?,Left Anterior Descending (LAD) artery,Right Coronary Artery (RCA),,,,A,
,SK-22,Medicine,Which description best fits the first heart sound (S1)?,"Low-frequency, low-pitch","High-frequency, high-pitch",,,,A,
,SK-22,Medicine,Select the most appropriate site for performing a pericardiocentesis.,5th Left intercoastal space close to sternal angle,5th intercostal space mid-axillary line,,,,A,
,SK-22,Medicine,A patient presents with heart failure and peripheral blood eosinophilia. Which investigation is most useful?,Bone marrow trephine biopsy,Blood type and crossmatch,,,,A,
,SK-22,Medicine,A patient with chronic kidney disease presents to the emergency department with shortness of breath and coarse crackles; initial treatment should include:,Furosemide,Morphine,,,,A,
,SK-22,Medicine,A patient with a prior myocardial infarction is advised to modify diet in addition to medications. Which nutrient should be reduced?,Saturated fat,Vitamin C,,,,A,
,SK-22,Medicine,"An elderly woman presents with infection, hypotension, tachycardia, and hypoxia. What is the most likely diagnosis?",Septic shock,Acute appendicitis,,,,A,
,SK-22,Medicine,"After Escherichia coli bacteremia, a patient develops high fever, chills, and confusion and then collapses, requiring ICU transfer. Which complication is most likely?",Septic shock,Cardiogenic shock,,,,A,
,SK-22,Medicine,"Key differences between anaphylactic and hypovolemic shock involve hemodynamic and clinical signs such as heart rate, cardiac output, and blood pressure.",Cardiac output increased versus decreased,Joint swelling present versus absent,,,,A,
,SK-22,Medicine,A patient has redness and pain after a superficial thermal injury. Which skin layer is affected in a first-degree burn?,Epidermis,Hair bulb,,,,A,
,SK-22,Medicine,A patient has painful nodules on the shins and a lacy reticular pattern on the buccal mucosa. Which virus is associated with this condition?,Hepatitis B,CMV,,,,A,
,SK-22,Medicine,"A man develops a sudden generalized rash, including perioral involvement, after eating at a restaurant. What is the appropriate treatment?",Adrenaline 1:1000 IM,Oral antibiotics,,,,A,
,SK-22,Medicine,What triage color is assigned to a hemodynamically stable patient with bone fractures after an explosion?,Yellow,Red,,,,A,
,SK-22,Medicine,"After a multi‑victim road traffic accident, a conscious patient has fractures and moderate bleeding but remains hemodynamically stable. According to disaster triage color coding, which color tag should be assigned?",Yellow,Green,,,,A,
,SK-22,Medicine,A 27-year-old has been fasting for 72 hours. Which hormone maintains the fasting metabolic state?,Glucagon,Insulin,,,,A,
,SK-22,Medicine,A patient presents with myxedema. Which associated finding is most likely?,Hypercholesterolemia,Ophthalmopathy,,,,A,
,SK-22,Medicine,A patient has puffy skin and a hoarse voice. Her plasma TSH is low at baseline but rises markedly after TRH administration; what is the most likely diagnosis?,Hypothyroidism with hypothalamus problem,Hyperthyroidism with problem in thyroid,,,,A,
,SK-22,Medicine,"A patient has fatigue, weight loss, mucocutaneous hyperpigmentation, hyperkalemia, and hyponatremia. What is the most likely diagnosis?",Addison disease,Conn syndrome,,,,A,
,SK-22,Medicine,"A patient has headache, hypertension, and elevated urinary metanephrines. What is the most likely diagnosis?",Pheochromocytoma,Neuroblastoma,,,,A,
,SK-22,Medicine,"A young adult has episodic headaches, palpitations, sweating, and paroxysmal hypertension, with elevated urinary metanephrines. From which tissue does this tumor originate?",Adrenal medulla,Sympathetic ganglia,,,,A,
,SK-22,Medicine,"A patient presents with muscle cramps, tetany, and a positive Chvostek sign. Which electrolyte abnormality is most likely responsible?",Hypocalcemia,Hyperkalemia,,,,A,
,SK-22,Medicine,"A smoker has weight gain, hypertension, hypokalemia, and a moon face; chest imaging reveals a lung mass. What is the most likely cause?",Cushing syndrome due to ectopic ACTH,Hyperaldosteronism,,,,A,
,SK-22,Medicine,A 40-year-old patient presents with acanthosis nigricans and an elevated HbA1c. Which diagnosis is most likely?,Type 2 diabetes mellitus,Cushing syndrome,,,,A,
,SK-22,Medicine,A 40-year-old obese man has velvety hyperpigmentation on the neck and axilla and an HbA1c of 9%. What is the most likely diagnosis?,Type 2 diabetes mellitus,Acromegaly,,,,A,
,SK-22,Medicine,Which of the following increases muscle protein synthesis?,Testosterone,Vitamin C only,,,,A,
,SK-22,Medicine,A patient has hypercalcemia with elevated plasma parathyroid hormone (PTH) while vitamin D and parathyroid hormone–related peptide (PTHrP) levels are normal. What is the most likely cause?,Primary hyperparathyroidism,Familial hypocalciuric hypercalcemia,,,,A,
,SK-22,Medicine,A patient with acromegaly presents with galactorrhea and elevated prolactin levels. Which investigation best identifies the underlying cause?,MRI of pituitary with contrast,CT scan of sella turcica,,,,A,
,SK-22,Medicine,"A middle-aged man presents with frontal bossing, mandibular enlargement, and an increased ring size. What is the best initial investigation?",IGF-1 level,Serum potassium level,,,,A,
,SK-22,Medicine,Nelson syndrome most commonly develops after bilateral adrenalectomy performed to treat Cushing's disease.,Bilateral adrenalectomy for Cushing's disease,Hypophysectomy,,,,A,
,SK-22,Medicine,"A woman presents with lethargy, weight gain, and constipation. Which diagnostic test is most appropriate?",Thyroid profile,Complete blood count,,,,A,
,SK-22,Medicine,"In Graves disease, what change in serum thyroid-stimulating hormone (TSH) level is expected?",Decreased,Increased,,,,A,
,SK-22,Medicine,Which type of thyroid carcinoma contains parafollicular (C) cells?,Medullary carcinoma,Papillary carcinoma,,,,A,
,SK-22,Medicine,"A patient presents with constipation, diffuse body aches, confusion, and lethargy. Which electrolyte disturbance is most likely?",Hypercalcemia,Hyponatremia,,,,A,
,SK-22,Medicine,"A 32-year-old woman has an oral glucose tolerance test with fasting glucose 122 mg/dL, 1-hour 198 mg/dL, and 2-hour 194 mg/dL. Which diagnosis best fits these results?",Prediabetes,Fasting hypoglycemia,,,,A,
,SK-22,Medicine,Diabetic ketoacidosis produces a metabolic acidosis on arterial blood gas. Which explanation best accounts for the change in PaCO₂?,PaCO₂ is decreased due to compensatory respiratory alkalosis (Kussmaul breathing),PaCO₂ is increased due to renal compensation,,,,A,
,SK-22,Medicine,"A patient presents with watery, non-foul-smelling diarrhea. Which part of the gastrointestinal tract is most likely responsible?",Small intestine,Stomach,,,,A,
,SK-22,Medicine,A 55-year-old man has a chest radiograph showing a mediastinal air-fluid level. He reports dysphagia and regurgitation of undigested food.,Achalasia,GERD,,,,A,
,SK-22,Medicine,"After eating fatty food, a patient with known gallstones develops nausea, vomiting, and right shoulder pain. Which inflamed structure causes this referred pain?",Diaphragm,Appendix,,,,A,
,SK-22,Medicine,"A 60-year-old man presents with abdominal pain, tense ascites, and massive splenomegaly; paracentesis yielded hemorrhagic, exudative ascitic fluid. Most suitable investigation is:",CT scan abdomen,Ultrasound abdomen,,,,A,
,SK-22,Medicine,"A middle-aged woman has jaundice, elevated transaminases, and hypergammaglobulinemia; serology is positive for antibodies against smooth muscle. What is the most likely diagnosis?",Autoimmune hepatitis,Viral hepatitis,,,,A,
,SK-22,Medicine,"After resection of the ileum and proximal jejunum, a patient develops frequent, watery stools and has lost 3 kg over 6 months. What is the most likely cause?",Osmotic plus secretory diarrhea,Psychogenic polydipsia,,,,A,
,SK-22,Medicine,A patient has severe epigastric pain radiating to the back and a mildly elevated serum amylase; which enzyme measurement best confirms acute pancreatitis?,Lipase,Trypsinogen,,,,A,
,SK-22,Medicine,Which antibody is characteristically elevated in autoimmune pancreatitis?,IgG4,Anti-HBc,,,,A,
,SK-22,Medicine,Which pancreatic enzyme deficiency primarily causes steatorrhea in chronic pancreatitis?,Lipase,Enterokinase,,,,A,
,SK-22,Medicine,A patient has severe epigastric pain radiating to the back; serum amylase is 346 U/L with elevated ALT and leukocytosis. What is the most likely diagnosis?,Acute pancreatitis,Peptic ulcer disease,,,,A,
,SK-22,Medicine,"A patient has sudden, severe epigastric pain radiating to the back with markedly elevated serum amylase and lipase. Which diagnosis is most likely?",Acute pancreatitis,Peptic ulcer disease,,,,A,
,SK-22,Medicine,Eosinophilic infiltration of the esophagus (eosinophilic esophagitis) is most appropriately managed initially with a trial of proton pump inhibitors.,Trial of proton pump inhibitors (PPIs),Insulin therapy,,,,A,
,SK-22,Medicine,The patient develops abdominal discomfort and bloating after consuming dairy products. What is the most likely cause?,Lactose intolerance,Crohn's disease,,,,A,
,SK-22,Medicine,"A patient presents with jaundice, dark urine, and pale stools suggesting common bile duct obstruction. Which investigation is most useful to diagnose the obstruction?",ALP,ALT,,,,A,
,SK-22,Medicine,Which chromosomal abnormality causes Turner syndrome?,Complete Monosomy of X,Trisomy 21 (Down syndrome),,,,A,
,SK-22,Medicine,A 30-year-old patient presents with Marfan syndrome. Which defect is responsible for this condition?,Inherited defect in fibrillin,Inherited defect in elastin,,,,A,
,SK-22,Medicine,"A 20-year-old man is unusually tall and thin with an arm span greater than his height, long slender fingers, a high-arched palate, severe scoliosis, and bilateral superotemporal lens subluxation. Given these findings, what is the most likely underlying genetic diagnosis?",Marfan Syndrome,Acute appendicitis,,,,A,
,SK-22,Medicine,A young patient presents with spontaneous aortic rupture and hyperextensible skin. Which underlying disorder most likely explains these findings?,Ehlers-Danlos syndrome,Marfan syndrome,,,,A,
,SK-22,Medicine,Which protein is defective in Marfan syndrome?,Fibrillin,Hemoglobin,,,,A,
,SK-22,Medicine,Which disorder greatly increases skin cancer risk due to defective DNA repair?,Xeroderma pigmentosum,Vitiligo,,,,A,
,SK-22,Medicine,Which pattern of inheritance does familial adenomatous polyposis (FAP) follow?,Autosomal dominant,Y-linked,,,,A,
,SK-22,Medicine,What term describes a heterozygote in which both alleles are fully expressed?,Codominance,Photosynthesis,,,,A,
,SK-22,Medicine,A woman carries a pathogenic mutation in the succinate dehydrogenase (SDH) gene. What is the approximate chance she will transmit this mutation to each child?,0.5,1,,,,A,
,SK-22,Medicine,Which of the following conditions is inherited in an autosomal dominant manner?,Marfan syndrome,Scurvy,,,,A,
,SK-22,Medicine,"A child has hepatosplenomegaly, bone pain, anemia, and lipid-laden macrophages on marrow biopsy. What is the most likely diagnosis?",Gaucher disease,Scurvy,,,,A,
,SK-22,Medicine,"A young patient has hepatic dysfunction, action tremors, and green-brown rings at the corneal margin (Kayser-Fleischer rings). Which disorder is most likely?",Wilson disease,Acute appendicitis,,,,A,
,SK-22,Medicine,A patient with hyperammonemia is suspected to have an inherited defect in a urea-cycle enzyme. Which enzyme is most likely deficient?,Ornithine transcarbamylase,Argininosuccinate synthetase,,,,A,
,SK-22,Medicine,Which chromosome contains the dystrophin gene that is mutated in Duchenne muscular dystrophy?,X chromosome,Chromosome 21,,,,A,
,SK-22,Medicine,Ultraviolet light most commonly induces mutations in which gene?,TP53,HBB gene,,,,A,
,SK-22,Medicine,Germline BRCA1 mutations increase risk for several cancers. Which of the following is NOT typically associated with BRCA1 mutation?,Laryngeal carcinoma,Ovarian cancer,,,,A,
,SK-22,Medicine,BRCA2 mutations increase risk for several cancers; which of the following is not associated with BRCA2?,Laryngeal carcinoma,Pancreatic carcinoma,,,,A,
,SK-22,Medicine,"A 2-year-old child presents with hypotonia, an umbilical hernia, macroglossia, and upward-slanting palpebral fissures. What is the most likely diagnosis?",Trisomy 21,Trisomy 13,,,,A,
,SK-22,Medicine,A patient presents with recurrent epistaxis and a positive family history. Which diagnosis is most likely?,Osler–Weber–Rendu syndrome,Angiofibroma of the nose,,,,A,
,SK-22,Medicine,"A patient presents with recurrent nasal bleeding, multiple mucocutaneous telangiectasias, and arteriovenous malformations. What is the most likely diagnosis?",Osler-Weber-Rendu syndrome,Vasculitis,,,,A,
,SK-22,Medicine,"A 62-year-old man has anemia, glossitis, paresthesias, and positive anti-parietal cell antibodies; his serum vitamin B12 is low despite adequate dietary intake. The primary pathogenic deficiency causing this presentation is:",Intrinsic factor,Folate,,,,A,
,SK-22,Medicine,"A newborn boy had bleeding from the umbilical stump at birth, and two brothers had similar bleeding episodes. What is the most likely diagnosis?",Factor VIII deficiency,Von Willebrand factor deficiency,,,,A,
,SK-22,Medicine,A patient has easy bruising and prolonged bleeding; laboratory testing shows deficiency of a large glycoprotein required for platelet adhesion. Which factor is deficient?,Von Willebrand Factor (vWF),Fibrinogen,,,,A,
,SK-22,Medicine,Which plasma substance is predominantly increased in intravascular hemolysis?,Haptoglobin-bound hemoglobin,Serum creatinine,,,,A,
,SK-22,Medicine,"In polycythemia rubra vera, what is the typical serum erythropoietin (EPO) level?",Decreased,Normal,,,,A,
,SK-22,Medicine,"A patient presents with sore throat, petechiae, and epistaxis. After recovery, the platelet count is elevated; what is the most likely explanation?",Reactive thrombocytosis,Primary thrombocytosis,,,,A,
,SK-22,Medicine,Glanzmann (essential) thrombasthenia results from a defect in which platelet function?,Platelet aggregation,Platelet adhesion,,,,A,
,SK-22,Medicine,What is the first-line treatment for immune thrombocytopenic purpura (ITP)?,Steroids,Intravenous insulin,,,,A,
,SK-22,Medicine,A patient receiving multiple platelet transfusions has poor posttransfusion platelet increments. Which immune-mediated mechanism most likely explains this poor response?,HLA alloimmunization,Insulin allergy,,,,A,
,SK-22,Medicine,A woman who has been in rehabilitation for many years presents with liver disease. What is the most likely cause?,Alcoholic liver disease,Autoimmune hepatitis,,,,A,
,SK-22,Medicine,"The patient is HBsAg positive, anti-HBc IgM positive, and HBeAg negative. What is the most likely diagnosis?",Acute hepatitis,Gallstone pancreatitis,,,,A,
,SK-22,Medicine,A 37-year-old man presents with respiratory distress; laboratory testing shows an elevated eosinophil count. Which of the following can cause this finding?,Parasitic infection,Acute appendicitis,,,,A,
,SK-22,Medicine,Natural killer (NK) cells mediate the first-line immune response against virally infected and tumor (transformed) cells.,NK cells,Red blood cells (erythrocytes),,,,A,
,SK-22,Medicine,"During an allergic reaction, which cells primarily synthesize histamine from histidine?",Mast cells,Erythrocytes,,,,A,
,SK-22,Medicine,"In septicemia, bacteria are increasingly cleared from the portal circulation. Which specialized macrophage population performs this function?",Kupffer cells,Alveolar macrophages,,,,A,
,SK-22,Medicine,A patient with eosinophilia and heart failure dies of a viral infection. Which laboratory test would best aid the diagnosis?,IgE level,CRP,,,,A,
,SK-22,Medicine,Complement fragments C3a and C5a (anaphylatoxins) primarily cause increased vascular permeability and smooth muscle contraction.,Increased vascular permeability,Chemotaxis of neutrophils,,,,A,
,SK-22,Medicine,A 22-year-old man has meningitis caused by Gram-negative diplococci. Which mediator primarily drives the inflammatory response?,Tumor necrosis factor,Interleukin 6,,,,A,
,SK-22,Medicine,"A 25-year-old woman has hematuria, glomerular crescents, and anti-glomerular basement membrane antibodies. Which type of hypersensitivity mediates this disease?",Type II,Type V,,,,A,
,SK-22,Medicine,On which cell type's surface does IgE primarily bind?,Basophils,Hepatocytes,,,,A,
,SK-22,Medicine,A patient develops urticaria minutes after peanut exposure. Which hypersensitivity type mediates this immediate reaction?,Type I,Type IV,,,,A,
,SK-22,Medicine,Which Gell and Coombs hypersensitivity type is mediated by IgE antibodies?,Type I,Type II,,,,A,
,SK-22,Medicine,"A 20-year-old woman develops sudden pruritus, urticaria, wheezing, and hypotension minutes after ingesting peanuts. Which immunologic mechanism explains her reaction?",IgE-mediated mast cell degranulation,Vitamin D deficiency,,,,A,
,SK-22,Medicine,A neonate develops jaundice from Rh (D) alloimmunization causing hemolysis. Which type of hypersensitivity reaction is responsible?,Type II,Type IV,,,,A,
,SK-22,Medicine,A farmer develops a pruritic vesicular rash on his hands 2 days after contact with poison ivy. Which type of hypersensitivity mediates this reaction?,Type IV,Type I,,,,A,
,SK-22,Medicine,Which type of hypersensitivity reaction is demonstrated by the tuberculin skin test?,Type IV,Type V,,,,A,
,SK-22,Medicine,Which immunoglobulin primarily mediates the hypersensitivity reaction in allergic rhinitis?,IgE,Albumin,,,,A,
,SK-22,Medicine,A positive tuberculin skin test indicates which type of hypersensitivity reaction?,Type IV hypersensitivity (delayed),Type II hypersensitivity,,,,A,
,SK-22,Medicine,A patient with agammaglobulinemia has recurrent infections. Which cell type is typically decreased in this condition?,B lymphocytes,T lymphocytes,,,,A,
,SK-22,Medicine,Adenosine deaminase (ADA)-deficient severe combined immunodeficiency primarily impairs which lymphocyte populations?,Both B and T cells,B cells only,,,,A,
,SK-22,Medicine,A patient with recurrent infections who develops allergic reactions to blood transfusions most likely has selective IgA deficiency.,IgA deficiency,Hyper IgM syndrome,,,,A,
,SK-22,Medicine,Selective IgA deficiency and common variable immunodeficiency (CVID) most commonly present with recurrent respiratory and gastrointestinal infections.,Recurrent respiratory and gastrointestinal infections,Autoimmune hemolytic anemia,,,,A,
,SK-22,Medicine,"In X-linked agammaglobulinemia, the defect lies in which step of lymphocyte maturation?",Pro-B to B cell maturation,Hemoglobin synthesis,,,,A,
,SK-22,Medicine,Which mediator do platelets release during inflammation?,Serotonin,Prostaglandin E2,,,,A,
,SK-22,Medicine,Which of the following lists includes markers of inflammation?,"IFN, IL-1, interleukins","Insulin, glucagon, somatostatin",,,,A,
,SK-22,Medicine,Anti-D immunoglobulin is preferred because it does not cross the placenta and prevents maternal sensitization to fetal RhD antigens.,It crosses the placenta,It does not cross the placenta,,,,A,
,SK-22,Medicine,A patient who recently received an organ transplant develops acute graft rejection. Which cells primarily mediate this response?,T lymphocytes,Platelets,,,,A,
,SK-22,Medicine,Which cells chiefly mediate graft-versus-host disease after an allogeneic bone marrow transplant?,CD8+ T cells,CD4+ T cells,,,,A,
,SK-22,Medicine,"Six months after a kidney transplant, a patient on cyclosporine develops graft rejection that improves with enhanced immunosuppression. Which type of rejection is most likely?",Acute cellular,Antibody-mediated,,,,A,
,SK-22,Medicine,"A patient presents with fever, nail-bed petechiae, conjunctival hemorrhages, and tricuspid valve involvement. Which organism is most likely?",Staphylococcus aureus,Streptococcus viridans,,,,A,
,SK-22,Medicine,"A patient in the ICU has fever, chills, dysuria, and hypotension. What is the most likely diagnosis?",Septic shock,Respiratory distress,,,,A,
,SK-22,Medicine,A man presented to clinic with a 104°F fever for 4 days after taking an antimalarial; he developed cola-colored urine for 1 day with abnormal liver tests and elevated unconjugated bilirubin. What is the most likely cause?,G6PD,Acute appendicitis,,,,A,
,SK-22,Medicine,"For suspected infective endocarditis, obtain blood cultures before initiating antibiotic therapy; collect multiple sets from separate venipuncture sites. When should these cultures be taken relative to antibiotic administration?",Before starting antibiotics (multiple sets from separate venipuncture sites),After completing the full antibiotic course,,,,A,
,SK-22,Medicine,"A patient presents with fever, neck stiffness, and altered mental status. CSF analysis shows glucose 30 mg/dL and 68% neutrophils; the most likely etiology is:",Bacterial meningitis,Migraine headache,,,,A,
,SK-22,Medicine,Which organism most commonly causes bacterial meningitis in adults?,Streptococcus pneumoniae,Plasmodium falciparum,,,,A,
,SK-22,Medicine,A patient has recurrent purulent wound drainage with systemic signs of infection. Which investigation best confirms the diagnosis?,Blood culture and sensitivity,Urine pregnancy test,,,,A,
,SK-22,Medicine,A patient has infective endocarditis involving the tricuspid valve and petechiae on the gingiva and sclera. Which organism is most likely responsible?,Staphylococcus aureus,Streptococcus viridans,,,,A,
,SK-22,Medicine,A patient recently returned from Lahore has bloody diarrhea and abdominal pain. Which organism is the most likely cause?,Shigella,Plasmodium falciparum,,,,A,
,SK-22,Medicine,"After a course of broad-spectrum antibiotics, a patient develops profuse watery diarrhea. Which organism is most likely responsible and what is the first-line treatment?",Clostridium difficile - Metronidazole,E. coli - Insulin,,,,A,
,SK-22,Medicine,A young adult develops acute hepatitis C. What percentage of patients recover completely from the acute infection?,0.2,1,,,,A,
,SK-22,Medicine,A 30-year-old man donating blood is incidentally found to be HBsAg positive; he is asymptomatic and immunocompetent. What is the most likely outcome?,Complete recovery with immunity,Myocardial infarction,,,,A,
,SK-22,Medicine,Which skin cancer is most commonly seen in patients with HIV/AIDS?,Kaposi sarcoma,Tinea corporis,,,,A,
,SK-22,Medicine,"A farmer has microcytic, hypochromic anemia and stool examination shows hookworm ova. Which organism most likely caused this infection?",Ancylostoma duodenale,Taenia solium,,,,A,
,SK-22,Medicine,A child develops migratory polyarthritis and carditis 2–3 weeks after streptococcal pharyngitis. Which immunologic mechanism explains these findings?,Molecular mimicry between streptococcal antigens and host tissues,Immune complex deposition in joints,,,,A,
,SK-22,Medicine,Acute rheumatic fever typically develops after which type of infection?,Group A Streptococcus pharyngitis,Group B Streptococcus pharyngitis,,,,A,
,SK-22,Medicine,A pregnant woman presents with recurrent fever and hemorrhagic (bleeding) manifestations. Which diagnosis is most likely?,Dengue,Migraine,,,,A,
,SK-22,Medicine,An exudative ascitic fluid with markedly elevated adenosine deaminase (ADA) level most strongly suggests which diagnosis?,Tuberculous peritonitis,Cirrhosis,,,,A,
,SK-22,Medicine,A patient presents with pleural effusion and symptoms suggestive of tuberculosis. What is the most appropriate management?,Start anti-TB drugs,Steroids only,,,,A,
,SK-22,Medicine,"Initial management of a dog bite includes thorough wound cleaning, tetanus and rabies prophylaxis, and appropriate antibiotics when indicated.",Rabies immunoglobulin (RIG/IVIG),Vitamin C supplementation,,,,A,
,SK-22,Medicine,"A patient has hyponatremia with normal serum potassium, low urea (15 mg/dL), and urine osmolality of 610 mOsm/kg. What is the most likely diagnosis?",SIADH,Cerebral salt wasting,,,,A,
,SK-22,Medicine,Vomiting and volume depletion with an elevated serum creatinine most likely indicate which condition?,Pre-renal azotemia,Intrinsic renal failure,,,,A,
,SK-22,Medicine,Which of the following substances is commonly included in hemodialysis dialysate?,Bicarbonate,Insulin,,,,A,
,SK-22,Medicine,A patient with vesicoureteral reflux presents with fever and dysuria. What is the most likely diagnosis?,Acute pyelonephritis,Acute myocardial infarction,,,,A,
,SK-22,Medicine,A patient with long-standing diabetes has persistent proteinuria. Which test is the gold standard for quantifying protein loss in diabetic nephropathy?,24-hour urinary protein,Dipstick urine test,,,,A,
,SK-22,Medicine,"A 74-year-old woman with congestive heart failure has had severe vomiting for 3 days with dizziness, weakness, orthostatic hypotension, and signs of volume depletion. Arterial blood gas shows pH 7.55, PaCO2 48 mmHg, and HCO3- 40 mEq/L; which best describes her acid-base disturbance?",Metabolic alkalosis with respiratory compensation,High anion gap metabolic acidosis,,,,A,
,SK-22,Medicine,A patient with persistent vomiting and poor oral intake develops an elevated serum creatinine concentration. Which is the most likely cause?,Prerenal azotemia,Acute appendicitis,,,,A,
,SK-22,Medicine,Red blood cell (RBC) casts on urinalysis are most characteristic of which condition?,Glomerulonephritis,Migraine headache,,,,A,
,SK-22,Medicine,Which condition is caused by chronic alcohol use?,Wernicke encephalopathy,Myocarditis,,,,A,
,SK-22,Medicine,A patient with diabetes has dizziness and a drop in blood pressure when standing; his heart rate fails to rise appropriately. What is the most likely cause?,Autonomic neuropathy,Adrenal insufficiency,,,,A,
,SK-22,Medicine,"A 47-year-old man has right eyelid droop and the right eye is deviated down and out, with weakness of the left upper and lower limbs and his mouth deviates to the left when he speaks. Where is the most likely site of the lesion?",Ventral midbrain (cerebral peduncle),Ventral pons,,,,A,
,SK-22,Medicine,Which midbrain structure mediates reflexive head turning toward auditory stimuli?,Inferior colliculus,Cochlear nucleus,,,,A,
,SK-22,Medicine,A patient with a cerebellar lesion has an intention tremor and difficulty buttoning a shirt. Which sign is most specific for a kinetic cerebellar deficit?,Dysdiadochokinesia,Positive Babinski sign,,,,A,
,SK-22,Medicine,"A pendular knee jerk, in which the leg swings like a pendulum after the reflex, is classically seen in cerebellar disease.",Cerebellar disease,Peripheral neuropathy,,,,A,
,SK-22,Medicine,Astereognosis with right–left disorientation localizes to which brain region?,Dominant parietal lobe,Occipital lobe,,,,A,
,SK-22,Medicine,"After cardiac arrest with transient global cerebral hypoxia, a patient recovers but has prominent anterograde amnesia. Which brain structure essential for memory formation and most susceptible to hypoxic injury is primarily affected?",Hippocampus,Median nerve,,,,A,
,SK-22,Medicine,"The patient has decreased social inhibition, impaired problem-solving, and diminished aggression. Which brain region is most likely affected?",Prefrontal cortex,Optic chiasm,,,,A,
,SK-22,Medicine,"An elderly patient has urinary symptoms and progressive forgetfulness, including inability to recall names. Which diagnosis is most likely?",Dementia,Acute appendicitis,,,,A,
,SK-22,Medicine,A patient reports vertical diplopia that worsens when walking downstairs or while reading. Which cranial nerve is most likely affected?,Trochlear nerve,Oculomotor nerve,,,,A,
,SK-22,Medicine,A patient with Bell's palsy has facial deviation to the left and sensory loss on the right; which function is lost?,Taste from anterior 2/3 of tongue,Lacrimation,,,,A,
,SK-22,Medicine,Lateral rotation of the eye suggests a lesion of which cranial nerve?,Oculomotor (III),Facial (VII),,,,A,
,SK-22,Medicine,"The patient has ptosis, diplopia, and absent light and accommodation reflexes, localizing the lesion to the ciliary ganglion or its afferent fibers. Which cranial nerve provides the preganglionic parasympathetic input to the ciliary ganglion?",Oculomotor nerve (CN III),Facial nerve (CN VII),,,,A,
,SK-22,Medicine,"An overweight woman (BMI 31 kg/m2) has persistent headaches and blurred vision, and fundoscopy shows papilledema. What is the most likely diagnosis?",Idiopathic intracranial hypertension,Otitis media,,,,A,
,SK-22,Medicine,Lesion of the lateral hypothalamus produces which of the following clinical findings?,Anorexia,Hemiplegia,,,,A,
,SK-22,Medicine,"A patient has persistent headaches, visual disturbances, and optic disc swelling with normal brain imaging. This presentation is most consistent with:",Idiopathic intracranial hypertension (pseudotumor cerebri),Stroke,,,,A,
,SK-22,Medicine,"A patient develops septic thrombophlebitis after an infection in the ""danger triangle"" of the face. Which cranial venous sinus is most commonly involved?",Cavernous sinus,Superior sagittal sinus,,,,A,
,SK-22,Medicine,Loss of ankle dorsiflexion with flaccid muscles in the anterior compartment of the leg indicates injury to which nerve?,Deep peroneal (fibular) nerve,Tibial nerve,,,,A,
,SK-22,Medicine,A patient presented to the emergency department after a road traffic accident and an upper motor neuron (UMN) lesion is suspected. Which sign would be expected?,Spastic paralysis,Hyporeflexia,,,,A,
,SK-22,Medicine,A patient has paralysis of the lower half of the face from an upper motor neuron lesion. Which additional sign is most likely?,Clasp knife spasticity,Cogwheel rigidity,,,,A,
,SK-22,Medicine,A patient presents with muscle wasting and visible fasciculations. Which type of nervous system lesion is most likely?,Lower motor neuron,Upper motor neuron,,,,A,
,SK-22,Medicine,A parietal lobe lesion causes an inability to recognize objects by touch despite preserved tactile sensation. What is this condition called?,Astereognosis,Anosmia,,,,A,
,SK-22,Medicine,Obstruction of cerebrospinal fluid flow causing noncommunicating hydrocephalus most commonly occurs at which structure?,Aqueduct of Sylvius,Foramen of Magendie,,,,A,
,SK-22,Medicine,"After a road-traffic accident, the patient has loss of sensation on one side of the body, absent cremasteric and abdominal reflexes, and an exaggerated knee reflex. CT shows bilateral anterior frontal lobe damage; which tract is likely involved?",Corticospinal tract,Optic tract,,,,A,
,SK-22,Medicine,A patient presents with retrograde amnesia after a road traffic accident and cannot recall events before the injury. Which brain region is most likely damaged?,Hippocampus,Occipital lobe,,,,A,
,SK-22,Medicine,An elderly woman has a road traffic accident; after recovery she can recall events from before the injury but cannot form new memories. Which brain region is most likely damaged?,Hippocampus,Cerebellum,,,,A,
,SK-22,Medicine,The patient has right-sided ptosis and ophthalmoplegia together with weakness of the left side of the body. Where is the lesion most likely located?,Right brainstem,Left optic nerve,,,,A,
,SK-22,Medicine,"Which cerebral lobe contains the primary visual cortex, and which thalamic nucleus relays visual input?",Occipital lobe – Lateral geniculate body,Frontal lobe – Ventral thalamus,,,,A,
,SK-22,Medicine,Which tumor is Lambert-Eaton myasthenic syndrome most commonly associated with?,Small cell carcinoma of the lung,Squamous cell carcinoma of the lung,,,,A,
,SK-22,Medicine,Loss of pain and temperature sensation in a limb with touch preserved suggests injury to which neural pathway?,Lateral spinothalamic tract lesion,Spinocerebellar tract lesion,,,,A,
,SK-22,Medicine,Interruption of which neural pathway causes loss of vibration and pressure sensation?,Dorsal column–medial lemniscus (DCML),Lateral spinothalamic tract,,,,A,
,SK-22,Medicine,Which neural structure primarily transmits vibration sensation from the upper limb?,Dorsal column nuclei,Clarke's nucleus,,,,A,
,SK-22,Medicine,Interrupting which tract on the right (contralateral) side would relieve pain in the left leg?,Right lateral spinothalamic tract,Dorsal column,,,,A,
,SK-22,Medicine,"After a fall from a second-story height, a patient develops urinary incontinence. Which nerve roots are most likely injured?","S2, S3, S4","L4, L5",,,,A,
,SK-22,Medicine,Injury to the S2–S4 nerve roots produces sacral nerve dysfunction. Which of the following findings is most likely?,Fecal incontinence,Loss of knee reflex,,,,A,
,SK-22,Medicine,A patient with a C5 spinal cord injury develops episodic hypertension whenever the bladder is distended. What is the most likely cause?,Autonomic dysreflexia,Neurogenic shock,,,,A,
,SK-22,Medicine,A bilateral lesion of the S2–S4 sacral nerve roots would most likely cause which of the following deficits?,Both urinary and fecal incontinence,Loss of vision,,,,A,
,SK-22,Medicine,A patient has a left-sided hemisection of the spinal cord. Below the lesion he loses pain and temperature on the right; which sensation is likely preserved on the left?,Warmth sensation,Vibration sense,,,,A,
,SK-22,Medicine,"A pure motor stroke that equally involves the face, arm, and leg suggests a focal lesion; which anatomic structure is most likely affected?",Internal capsule,Thalamus,,,,A,
,SK-22,Medicine,A patient has contralateral hemiplegia of the upper limb and face with the tongue deviating to the right on protrusion; which artery is most likely involved?,Middle cerebral artery,Anterior cerebral artery,,,,A,
,SK-22,Medicine,"Which vessels, when ruptured, cause a subdural hematoma?",Superior cerebral veins,Internal carotid artery,,,,A,
,SK-22,Medicine,The patient experienced a transient ischemic attack and has a carotid bruit on examination. What is the next best diagnostic test?,Carotid Doppler,Carotid angiogram,,,,A,
,SK-22,Medicine,A patient presents with a transient ischemic attack and a carotid bruit. What is the confirmatory investigation?,Carotid Doppler,ECG,,,,A,
,SK-22,Medicine,"A 45-year-old man presents with partial visual loss in both eyes, with a deficit affecting one sector of one eye and the opposite visual field in the other eye. MRI shows a lesion in the optic tract; which visual field defect is most likely?",Ipsilateral nasal hemianopia + contralateral homonymous hemianopia,Ipsilateral temporal hemianopia + ipsilateral homonymous hemianopia,,,,A,
,SK-22,Medicine,A patient has sudden loss of vision in the upper quadrant of the visual field in one eye. Which structure is most likely affected?,Optic nerve,Olfactory tract,,,,A,
,SK-22,Medicine,Which visual field defect results from a lesion of the right optic tract?,Left homonymous hemianopia,Right monocular blindness,,,,A,
,SK-22,Medicine,Which vitamin deficiency most commonly causes heart failure due to malnutrition?,Thiamine,Vitamin A,,,,A,
,SK-22,Medicine,Which vitamin deficiency is most likely in pancreatitis?,Vitamin A,Iron,,,,A,
,SK-22,Medicine,Which type of thyroid carcinoma characteristically metastasizes hematogenously to bone?,Follicular,Medullary,,,,A,
,SK-22,Medicine,Which paraneoplastic syndrome is classically associated with small cell carcinoma of the lung?,Cushing syndrome,PTH-related peptide secretion,,,,A,
,SK-22,Medicine,A child is diagnosed with neuroblastoma. Which drug is the treatment of choice?,Cyclophosphamide,Warfarin,,,,A,
,SK-22,Medicine,A 30-year-old woman requests a mammogram because both her mother and her sister died of metastatic breast cancer before age 40. Which of the following would increase her risk for breast cancer?,BRCA-1 mutation.,Oral contraceptives (OCPs).,,,,A,
,SK-22,Medicine,A patient has a 3.5 cm mobile tumor on the ipsilateral side with suspicious regional lymph nodes. What is the most likely T category (TNM) for the primary tumor?,T2,T0,,,,A,
,SK-22,Medicine,Which site is most commonly involved by metastases from follicular thyroid carcinoma?,Bone,Lungs,,,,A,
,SK-22,Medicine,A 62-year-old man has colorectal carcinoma. Which tumor marker is most useful for monitoring treatment response and detecting recurrence?,CEA,PSA,,,,A,
,SK-22,Medicine,"A thyroid tumor composed of sheets of polygonal cells with amyloid stroma is diagnosed, consistent with medullary thyroid carcinoma. Which serum marker is most useful for follow-up of this malignancy?",Calcitonin,Anti-TPO antibodies,,,,A,
,SK-22,Medicine,Which tumor marker-cancer pair is correctly matched?,CA-19-9 - Pancreatic cancer,AFP - Colon cancer,,,,A,
,SK-22,Medicine,A patient presents with sudden-onset red eye and fever. Which of the following should be included in the differential diagnosis?,"Infectious causes in immunocompromised patients (e.g., ALL, HIV)",Acute otitis externa,,,,A,
,SK-22,Medicine,"A patient has difficulty seeing distant objects, such as a blackboard, and his vision is corrected with a concave lens. What is the most likely diagnosis?",Myopia,Hypermetropia,,,,A,
,SK-22,Medicine,The Health Belief Model aims to improve patient adherence by addressing which of the following?,Only patient perceptions,Both patient and doctor perceptions,,,,A,
,SK-22,Medicine,A patient with a recent stroke develops coughing during swallowing plus fever and respiratory symptoms. Which complication is most likely?,Aspiration pneumonia,Acute appendicitis,,,,A,
,SK-22,Medicine,A 60-year-old patient with atrial fibrillation presents hemodynamically stable with sudden shortness of breath and hemoptysis. What is the most appropriate next investigation?,CT pulmonary angiography,Urine culture,,,,A,
,SK-22,Medicine,"A young woman presents with chronic dry cough and fatigue. Chest x-ray shows bilateral hilar lymphadenopathy, serum calcium is elevated, and lymph node biopsy demonstrates noncaseating granulomas with occasional asteroid bodies.",Sarcoidosis,Tuberculosis,,,,A,
,SK-22,Medicine,A 60-year-old painter has wheezing and shortness of breath that worsen during the workweek and improve on weekends. What is the most likely diagnosis?,Occupational asthma,COPD,,,,A,
,SK-22,Medicine,A 60-year-old shipyard worker with prolonged asbestos exposure presents with dyspnea and reduced thoracic expansion. Which diagnosis is most likely?,Bronchogenic carcinoma,Tuberculosis,,,,A,
,SK-22,Medicine,A patient with acute shortness of breath from pulmonary edema is seated upright. What is the physiological rationale for this positioning?,Cardiogenic pulmonary edema,Hypovolemic shock,,,,A,
,SK-22,Medicine,Which spirometric pattern is characteristic of obstructive lung disease?,Markedly decreased FEV1/FVC ratio,Increased FEV1/FVC ratio,,,,A,
,SK-22,Medicine,Which autoantibody is most specific for diagnosing systemic lupus erythematosus (SLE)?,Anti-Smith,Anti-dsDNA,,,,A,
,SK-22,Medicine,Raynaud phenomenon is commonly associated with systemic sclerosis (scleroderma).,Scleroderma,Osteoarthritis,,,,A,
,SK-22,Medicine,Sjögren's syndrome most commonly co-occurs with which other autoimmune disease?,Rheumatoid arthritis,Systemic lupus erythematosus,,,,A,
,SK-22,Medicine,"A 29-year-old woman presents with photosensitive rash, arthralgia, and fatigue. Which test is most specific for systemic lupus erythematosus?",Anti-dsDNA,ANA,,,,A,
,SK-22,Medicine,An elderly woman with a rheumatologic condition has recurrent finger pain and bluish discoloration triggered by cold exposure. What is the most likely diagnosis?,Raynaud phenomenon,Buerger disease,,,,A,
,SK-22,Medicine,"A patient has jaw claudication, temporal headache, and visual disturbances. What is the most likely diagnosis?",Giant cell arteritis,Irritable bowel syndrome,,,,A,
,SK-22,Medicine,A patient bitten by a snake later develops hemoptysis and dyspnea. Which venom toxin most likely caused these hemorrhagic respiratory symptoms?,Metalloproteinases,Coagulase,,,,A,
,SK-22,Microbiology,Which organism most commonly causes pyogenic ascites?,E. coli,Streptococcus,,,,A,
,SK-22,Microbiology,Disease from Corynebacterium diphtheriae occurs only when the organism:,Produces exotoxin,Is gram-negative,,,,A,
,SK-22,Microbiology,A young boy developed a bloodstream infection after receiving intravenous fluids; the healthcare worker who gave the fluids had a hand infection. Which organism most likely caused his infection?,Staphylococcus aureus,Pseudomonas,,,,A,
,SK-22,Microbiology,"After Gram staining shows Gram-positive cocci in clusters, which test best identifies Staphylococcus aureus?",Coagulase test,Bile solubility test,,,,A,
,SK-22,Microbiology,Which organ is most seriously affected by diphtheria?,Heart,Larynx,,,,A,
,SK-22,Microbiology,A 60-year-old presents with lobar pneumonia and rusty-colored sputum. Which organism most likely caused the infection?,Streptococcus pneumoniae,Clostridioides difficile,,,,A,
,SK-22,Microbiology,"Two days after a thigh injury, a patient develops pain and palpable crepitus; which pathogen is most likely?",Clostridium perfringens,Candida albicans,,,,A,
,SK-22,Microbiology,"A 25-year-old woman presents with sudden high fever, diffuse macular rash, hypotension, vomiting, palmar and plantar erythema, and desquamation one week after using a super-absorbent tampon during menses. Which organism most likely causes this condition?",Staphylococcus aureus,Escherichia coli,,,,A,
,SK-22,Microbiology,"A woman prepares a family meal, and three hours later all diners develop sudden nausea and vomiting. Which organism is the most likely cause?",Staphylococcus aureus,Mycobacterium tuberculosis,,,,A,
,SK-22,Microbiology,"Two days after returning from Lahore, a patient develops bloody diarrhea. Which organism is most likely responsible?",Shigella,Streptococcus pyogenes,,,,A,
,SK-22,Microbiology,"Condyloma lata are moist, wart-like anogenital lesions seen in which stage of syphilis?",Secondary syphilis,Tertiary syphilis,,,,A,
,SK-22,Microbiology,A patient has dysphagia with thick esophageal membranes and pseudohyphae on examination. Which organism is the most likely cause?,Candida,Streptococcus pneumoniae,,,,A,
,SK-22,Microbiology,Which aggressive fungal infection are patients with severe diabetic ketoacidosis especially at risk for?,Mucormycosis,Cryptococcus neoformans,,,,A,
,SK-22,Microbiology,An isolate from a patient is positive on the germ tube test. Which Candida species is most likely?,Candida albicans,Candida glabrata,,,,A,
,SK-22,Microbiology,"A patient presents with high-grade fever, chills, anemia, splenomegaly, and elevated IgM. What is the most likely diagnosis?",Malaria,Leishmaniasis,,,,A,
,SK-22,Microbiology,A patient has progressive right lower limb swelling for 4 years consistent with lymphatic obstruction. Which organism is most likely to cause this condition?,Wuchereria bancrofti,Leishmaniasis,,,,A,
,SK-22,Microbiology,"A 27-year-old man has postprandial bloating, abdominal cramping, and foul-smelling stools. Which investigation will provide multiple pieces of information about this problem?",Stool DR,Stool culture & sensitivity,,,,A,
,SK-22,Microbiology,A patient with recent dog exposure has a liver cyst containing daughter cysts. What is the most likely cause?,Hydatid disease,Hepatitis A virus,,,,A,
,SK-22,Microbiology,A fisherman has chronic limb swelling due to a filarial infection. Which parasite is most likely responsible?,Wuchereria bancrofti,Plasmodium falciparum,,,,A,
,SK-22,Microbiology,Which organ is inflamed in chronic Clonorchis sinensis infection?,Liver (cholangiohepatitis),Pancreas,,,,A,
,SK-22,Microbiology,Which parasitic infection is most commonly associated with megaloblastic anemia?,Diphyllobothrium latum,Enterobius vermicularis,,,,A,
,SK-22,Microbiology,Dry-heat sterilization kills microorganisms primarily by what mechanism?,Oxidation,Photosynthesis,,,,A,
,SK-22,Microbiology,"After a blood spill from an HIV-positive patient, which disinfectant is recommended for floor decontamination?",1% hypochlorite,70% alcohol,,,,A,
,SK-22,Microbiology,An endoscopic instrument was used on a patient positive for hepatitis B. Which method of sterilization/disinfection should be used for the instrument?,Soaking in Glutaraldehyde 2% for 30 mins,Air-drying at room temperature for 48 hours,,,,A,
,SK-22,Microbiology,"A patient presents with fever, weight loss, and sore throat; histology shows atypical lymphocytosis. What is the most likely diagnosis?",Infectious mononucleosis,Appendicitis,,,,A,
,SK-22,Microbiology,"After a blood transfusion, a patient develops fever, malaise, and jaundice. Which type of hepatitis is most commonly transmitted by blood transfusion?",Hep. C,Varicella zoster virus,,,,A,
,SK-22,Microbiology,"A neonate from the nursery develops a generalized vesicular rash with lesions in different stages that appear as clear vesicles on an erythematous base, described as ""dew drops on rose petals."" Which organism is most likely the cause?",Varicella-zoster virus,Measles virus,,,,A,
,SK-22,Microbiology,Which of the following nerves is most commonly affected by herpes simplex virus (HSV)?,Trigeminal nerve,Trochlear nerve,,,,A,
,SK-22,Microbiology,Kaposi sarcoma is caused by infection with which oncogenic virus?,Human herpesvirus-8 (HHV-8),Herpes simplex virus type 1 (HSV-1),,,,A,
,SK-22,Microbiology,"The HBV ""window period"" is the interval after infection when hepatitis B surface antigen has disappeared but anti-HBs antibodies are not yet detectable.",Time after infection when HBsAg disappears but anti-HBs not yet detectable,Incubation period,,,,A,
,SK-22,Microbiology,Which test definitively confirms infection with hepatitis B virus (HBV)?,PCR (HBV DNA),Serum glucose measurement,,,,A,
,SK-22,Obstetrics,Amniocentesis is performed in the mid-trimester; the ideal timing is between 15 and 18 weeks' gestation.,15–18 weeks,16–18 weeks,,,,A,
,SK-22,Obstetrics,Which structure is most likely injured by a mediolateral episiotomy during vaginal delivery?,Bulbospongiosis,Spleen,,,,A,
,SK-22,Obstetrics,A 26-year-old woman undergoing labor induction suddenly collapses and becomes dyspneic. What is the most likely cause?,Amniotic fluid embolism,Acute appendicitis,,,,A,
,SK-22,Obstetrics,"In severe postpartum hemorrhage, what is the recommended sequence for ligating pelvic vessels?","Uterine artery first, then internal iliac",Aorta first,,,,A,
,SK-22,Pathology,Severe vomiting in pregnancy (hyperemesis gravidarum) most commonly produces which acid–base disturbance?,Metabolic alkalosis,Respiratory alkalosis,,,,A,
,SK-22,Pathology,Which cardiac valve is most commonly affected in rheumatic heart disease?,Mitral valve,Tricuspid valve,,,,A,
,SK-22,Pathology,A 60-year-old with long-standing mitral stenosis presents with palpitations; ECG shows absent P waves and an irregularly irregular ventricular rhythm. What mechanism explains the irregular RR intervals?,"Random, chaotic atrial depolarization",Increased adrenal catecholamine release causing sinus tachycardia,,,,A,
,SK-22,Pathology,"In degenerative aortic stenosis, which valve structural protein is most affected?",Elastin,Troponin,,,,A,
,SK-22,Pathology,A 62-year-old patient with congestive heart failure presents with dyspnea and orthopnea. Which of the following best explains the mechanism of pulmonary edema in CHF?,Increased hydrostatic pressure,Decreased plasma colloid osmotic pressure,,,,A,
,SK-22,Pathology,Metaplasia is the reversible replacement of one differentiated epithelial cell type by another.,Change of one type of epithelium to another,Malignant transformation,,,,A,
,SK-22,Pathology,A woman with a uterine fibroid has histology showing decreased glands and surrounding stroma. Which of the following best explains this change?,Atrophy,Dysplasia,,,,A,
,SK-22,Pathology,A long-distance truck driver with chronic alcohol use undergoes liver biopsy. Which lipid is most likely to accumulate in his hepatocytes?,Triglycerides,Phospholipids,,,,A,
,SK-22,Pathology,Which type of cellular adaptation is considered premalignant?,Metaplasia,Hyperplasia,,,,A,
,SK-22,Pathology,Echocardiography shows thickened left ventricular walls caused by chronic hypertension. Which term best describes this change?,Hypertrophy,Metaplasia,,,,A,
,SK-22,Pathology,A pathologist observes a biopsy in which one mature tissue type has been replaced by another mature tissue type. What is this process called?,Metaplasia,Hyperplasia,,,,A,
,SK-22,Pathology,A Pap smear shows the endocervical columnar epithelium has been replaced by stratified squamous epithelium. What type of change does this represent?,Metaplasia,Dysplasia,,,,A,
,SK-22,Pathology,"A patient with known Alzheimer's disease died; autopsy revealed a small, brown heart. Which pigment is responsible for the brown discoloration?","Lipofuscin (""wear and tear"" pigment)",Melanin pigment,,,,A,
,SK-22,Pathology,"After prolonged shock, a patient develops failure of multiple organs. What is the primary underlying mechanism?",Hypoxic injury,Immune injury,,,,A,
,SK-22,Pathology,"In hypoxic injury, cellular swelling results primarily from accumulation of which intracellular substance?",Water,Protein,,,,A,
,SK-22,Pathology,Which tissue is most susceptible to injury from ischemia and hypoxia?,Neurons,Cardiac muscle,,,,A,
,SK-22,Pathology,An elderly man with diabetes has a well-demarcated black lesion on his foot; biopsy grows Staphylococcus aureus. What is the most likely type of necrosis?,Gangrenous necrosis,Caseous necrosis,,,,A,
,SK-22,Pathology,A patient with chronic hepatitis B has sudden testicular torsion; histology shows fibrin deposits in the tunica media of the testicular artery. What type of necrosis is this?,Fibrinoid necrosis,Coagulative necrosis,,,,A,
,SK-22,Pathology,Councilman bodies are hepatocytes undergoing which cellular process?,Apoptosis,Yellow fever,,,,A,
,SK-22,Pathology,A patient with chronic hepatitis B has sudden severe testicular pain from torsion; histology of the testicular artery shows fibrin-like deposition in the tunica media. Which type of necrosis is this?,Fibrinoid necrosis,Fat necrosis,,,,A,
,SK-22,Pathology,Which type of necrosis is characteristic of a brain (cerebral) infarction?,Liquefactive,Coagulative,,,,A,
,SK-22,Pathology,Which type of necrosis is characteristic of brain infarction?,Liquefactive,Coagulative,,,,A,
,SK-22,Pathology,Which cellular process mediates uterine involution after delivery?,Apoptosis,Atrophy,,,,A,
,SK-22,Pathology,Histologic examination shows amorphous densities within mitochondria. Which type of cell injury does this finding indicate?,Irreversible cell injury,Necrosis,,,,A,
,SK-22,Pathology,"After cerebral ischemic infarction, which type of necrosis is characteristically seen?",Liquefactive necrosis,Caseous necrosis,,,,A,
,SK-22,Pathology,Cytoplasmic amorphous densities are characteristic of which type of cellular injury?,Irreversible cell injury,Gout,,,,A,
,SK-22,Pathology,Which type of necrosis is typically seen in the pancreas as a result of pancreatitis?,Fat necrosis,Liquefactive necrosis,,,,A,
,SK-22,Pathology,A patient develops carpopedal spasm after a massive blood transfusion. What is the most likely cause?,Low calcium,High potassium,,,,A,
,SK-22,Pathology,A patient with normal serum calcium and an elevated carcinoembryonic antigen (CEA) level most likely has which type of thyroid carcinoma?,Medullary,Follicular,,,,A,
,SK-22,Pathology,Hurthle cells are typically found in which organ?,Thyroid,Erythrocytes,,,,A,
,SK-22,Pathology,Which immunohistochemical marker is used to identify thyroid tissue?,Thyroglobulin,CD79a,,,,A,
,SK-22,Pathology,Which tumor marker is most specific for differentiated thyroid carcinoma?,Thyroglobulin,Calcitonin,,,,A,
,SK-22,Pathology,A boy has a midline thyroid swelling with a dominant nodule. Fine-needle aspiration cytology often cannot distinguish the carcinoma type because it cannot assess capsular or vascular invasion.,Capsular or vascular invasion,Pleomorphism,,,,A,
,SK-22,Pathology,A dialysis-dependent patient with chronic kidney disease has increased osteoclast activity causing bone resorption. Which hormone's elevated level primarily causes this change?,Parathyroid hormone (PTH),Vitamin D,,,,A,
,SK-22,Pathology,Hyperpigmentation in Addison disease results from increased secretion of which hormone?,ACTH,TSH,,,,A,
,SK-22,Pathology,Which thyroid carcinoma is most commonly associated with endemic goiter?,Follicular,Medullary,,,,A,
,SK-22,Pathology,"A patient presents with bone pain, elevated parathyroid hormone level, and mood changes. What is the most likely diagnosis?",Parathyroid adenoma,Osteosarcoma,,,,A,
,SK-22,Pathology,A child who received neck irradiation later develops a thyroid mass. Which thyroid carcinoma is most likely?,Papillary carcinoma,Follicular carcinoma,,,,A,
,SK-22,Pathology,An elderly woman presents in the morning with confusion and other central nervous system symptoms after missing her insulin dose the previous night. Laboratory testing shows hypoglycemia with elevated insulin and increased C-peptide; what is the most likely cause?,Insulinoma,Diabetes mellitus,,,,A,
,SK-22,Pathology,"A 42-year-old woman has a thyroid tumor. Histology shows cells with overlapping nuclei containing finely dispersed chromatin (""Orphan Annie eye"" nuclei) and numerous psammoma bodies; what is the most likely diagnosis?",Papillary carcinoma,Follicular carcinoma,,,,A,
,SK-22,Pathology,Which tumor marker is most specific for medullary carcinoma of the thyroid gland?,Calcitonin,Insulin,,,,A,
,SK-22,Pathology,"A 35-year-old man presents with recurrent renal stones, epigastric pain, and episodes of hypoglycemia. Labs show hypercalcemia with elevated parathyroid hormone and increased serum gastrin, and imaging reveals a pancreatic mass; which syndrome best explains these findings?",Multiple Endocrine Neoplasia type 1,Multiple Endocrine Neoplasia type 2B,,,,A,
,SK-22,Pathology,Markedly elevated serum anti-thyroid peroxidase (anti-TPO) and anti-thyroglobulin antibodies are most suggestive of which thyroid disorder?,Hashimoto's thyroiditis,Subacute thyroiditis,,,,A,
,SK-22,Pathology,Histology of an encapsulated thyroid mass removed at thyroidectomy shows capsular and vascular invasion suggesting hematogenous metastasis. Which primary thyroid tumor is most likely?,Follicular carcinoma,Medullary carcinoma,,,,A,
,SK-22,Pathology,A woman from North Waziristan has thyroid carcinoma with metastases to bone and lungs. Which type of thyroid carcinoma is most likely?,Follicular carcinoma,Anaplastic carcinoma,,,,A,
,SK-22,Pathology,Hurthle cell (oncocytic) carcinoma most commonly arises in the thyroid gland.,Thyroid,Skeletal muscle,,,,A,
,SK-22,Pathology,"A 34-year-old woman presents 2 months after a massive postpartum hemorrhage with fatigue, lactation failure, amenorrhea, and hypotension. What is the most likely diagnosis?",Sheehan syndrome,Hypothyroidism,,,,A,
,SK-22,Pathology,"In Graves disease, which of the following can cause blurred vision?",Optic nerve compression,Retinal detachment,,,,A,
,SK-22,Pathology,"A 20-year-old has jaundice with pale urine, dark stools, and a palpable spleen. Which diagnosis is most likely?",Hemolytic jaundice,Obstructive jaundice,,,,A,
,SK-22,Pathology,Barrett esophagus is characterized histologically by replacement of the normal squamous lining with columnar epithelium containing intestinal-type goblet cells.,Columnar epithelium with goblet cells,Transitional (urothelial) epithelium,,,,A,
,SK-22,Pathology,"A patient presents with weight loss, intermittent constipation, and occult blood in the stool and has a history of tubular adenoma. What diagnosis is most likely?",Colon carcinoma,Diverticulitis,,,,A,
,SK-22,Pathology,Which histologic type most commonly arises in carcinomas located in the upper two-thirds of the esophagus?,Squamous cell carcinoma,Hepatocellular carcinoma,,,,A,
,SK-22,Pathology,"A patient has bloody diarrhea and abdominal pain. Barium enema demonstrates submucosal edema producing finger-like projections into the lumen (the ""thumbprint sign""), a radiographic finding most suggestive of ischemic colitis.",Ischemic Colitis,Crohn's Disease,,,,A,
,SK-22,Pathology,Which of the following is a tumor marker associated with pancreatic adenocarcinoma?,CEA,TSH,,,,A,
,SK-22,Pathology,A smoker's endoscopy shows a velvety lesion in the lower third of the esophagus. Which of the following is this lesion a risk factor for?,Adenocarcinoma,Squamous cell carcinoma,,,,A,
,SK-22,Pathology,A patient underwent an appendectomy for acute appendicitis. Which histopathologic finding is most likely?,Suppurative inflammation,Granulation tissue,,,,A,
,SK-22,Pathology,A patient has a mid-esophageal mass and a history of smoking and alcohol use. Which histologic type and associated carcinogen are most likely?,Squamous cell carcinoma - polycyclic aromatic hydrocarbons,Adenocarcinoma - nitrosamines,,,,A,
,SK-22,Pathology,Colonoscopy shows crypt abscesses and pseudopolyps. What is the most likely diagnosis?,Ulcerative colitis,Ischemic colitis,,,,A,
,SK-22,Pathology,"In chronic gastroesophageal reflux, epithelial metaplasia of the distal esophagus most commonly arises at the gastroesophageal junction (Z-line).",Gastroesophageal junction (Z-line),Sigmoid colon,,,,A,
,SK-22,Pathology,"A woman dies suddenly; autopsy reveals medial necrosis of the descending aorta, and genetic testing indicates an inheritable connective tissue disorder. Which diagnosis is most likely?",Marfan syndrome,Loeys-Dietz syndrome,,,,A,
,SK-22,Pathology,A pleomorphic adenoma of a salivary gland most characteristically shows which histopathologic feature?,Mixed epithelial and mesenchymal components,Exclusively adipose tissue,,,,A,
,SK-22,Pathology,A lymphoma has a very high Ki-67 proliferation index (~100%) and CD markers indicating an aggressive B cell neoplasm. Which diagnosis is most likely?,Burkitt lymphoma,Kaposi sarcoma,,,,A,
,SK-22,Pathology,Bone marrow examination shows increased megakaryocytes while the peripheral blood demonstrates thrombocytopenia. What is the most likely diagnosis?,ITP,TTP,,,,A,
,SK-22,Pathology,"A child with anemia, jaundice, and splenomegaly is diagnosed with hereditary spherocytosis. Which red blood cell membrane protein defect is most common?",Ankyrin,Spectrin,,,,A,
,SK-22,Pathology,"A patient develops fatigue, scleral icterus, dark urine, and pale stools after strenuous exercise. What is the most likely diagnosis?",Intravascular hemolysis,Myelofibrosis,,,,A,
,SK-22,Pathology,A male neonate bled from the umbilical stump at birth and several cousins have had similar bleeding episodes. Which test is most important to establish the diagnosis?,Activated partial thromboplastin time (APTT),Prothrombin time (PT),,,,A,
,SK-22,Pathology,"An elderly woman presents with lethargy and tingling; labs show hemoglobin 12, MCV 101, bilirubin 12, and ALT 80. What is the most likely diagnosis?",Megaloblastic anemia,Aplastic anemia,,,,A,
,SK-22,Pathology,"A ""starry-sky"" histologic appearance on lymph node biopsy is classically seen in which lymphoma?",Burkitt lymphoma,Hodgkin lymphoma,,,,A,
,SK-22,Pathology,A 52-year-old man has pallor and fatigue; hemoglobin is 9.0 g/dL with elevated serum homocysteine and normal methylmalonic acid. What is the most likely cause of his anemia?,Folic acid deficiency,Vitamin D deficiency,,,,A,
,SK-22,Pathology,"A 35-year-old patient presents with fatigue, weight loss, low-grade fever, splenomegaly, and mild pallor. Laboratory testing shows a white blood cell count of 120k/microliter with a myeloid predominance while red blood cell and platelet counts are normal; what is the most likely diagnosis?",CML,Iron deficiency anemia,,,,A,
,SK-22,Pathology,"A boy has 3 weeks of fatigue, easy bruising, and recurrent infections. Examination shows pallor, petechiae, mild gingival bleeding, and labs reveal pancytopenia with circulating blasts; what is the most likely diagnosis?",Acute lymphoblastic leukemia (ALL),Acute myeloid leukemia (AML),,,,A,
,SK-22,Pathology,A 55-year-old presents with generalized lymphadenopathy and elevated platelet and total leukocyte counts; peripheral smear shows a predominance of mature lymphocytes. What is the most likely diagnosis?,CLL,Hairy cell leukemia,,,,A,
,SK-22,Pathology,"A 55-year-old man develops intense itching and facial redness after hot baths and reports headache and dizziness. Examination shows a ruddy complexion and splenomegaly, and labs demonstrate increased hemoglobin, hematocrit, leukocytosis, and low erythropoietin levels; what is the most likely diagnosis?",Polycythemia vera,Iron deficiency anemia,,,,A,
,SK-22,Pathology,A patient treated for chloroquine-resistant malaria with an alternative antimalarial develops hemolysis characterized by bite cells. Which enzyme deficiency explains this?,G6PD deficiency,Iron deficiency anemia,,,,A,
,SK-22,Pathology,Which investigation most reliably confirms a myeloproliferative disorder?,Bone marrow trephine biopsy,Serum erythropoietin,,,,A,
,SK-22,Pathology,Which hemostatic process is primarily defective in von Willebrand disease?,Platelet adhesion,Renal sodium reabsorption,,,,A,
,SK-22,Pathology,"A boy developed jaundice and dark urine after taking a sulfonamide, and his peripheral smear shows Heinz bodies. What is the most likely diagnosis?",G6PD deficiency,Autoimmune hemolytic anemia,,,,A,
,SK-22,Pathology,What condition most commonly causes a prolonged bleeding time?,Thrombocytopenia,Iron deficiency anemia,,,,A,
,SK-22,Pathology,"Hemophilia causes an isolated prolongation of the activated partial thromboplastin time (aPTT), while prothrombin time and bleeding time remain normal.",Increased aPTT,Normal coagulation tests,,,,A,
,SK-22,Pathology,"A patient presents with fever, night sweats, and weight loss. Laboratory tests show a total leukocyte count of 50 × 10^9/L, absolute lymphocytes 25 × 10^9/L, and mature B cells on peripheral smear.",Chronic lymphocytic leukemia (CLL),Acute lymphoblastic leukemia,,,,A,
,SK-22,Pathology,Which condition commonly causes eosinopenia?,Glucocorticoids,Allergy,,,,A,
,SK-22,Pathology,"A patient has fever, laboratory evidence of hemolysis, and blister cells on peripheral blood smear. Which diagnosis is most likely?",G6PD deficiency,Autoimmune hemolytic anemia,,,,A,
,SK-22,Pathology,"A patient presents with lytic bone lesions, anemia, and hypercalcemia. What is the most likely diagnosis?",Multiple myeloma,Metastatic carcinoma,,,,A,
,SK-22,Pathology,A patient has low hemoglobin and an elevated mean corpuscular volume (MCV). Which condition is most likely?,Vitamin B12 deficiency,Iron deficiency anemia,,,,A,
,SK-22,Pathology,"A patient with localized bacterial cellulitis develops marked swelling, warmth, and accumulates exudative fluid in the interstitial space. What type of edema fluid is expected in infected, inflamed tissue?",Exudative (high-protein fluid due to increased vascular permeability),Osmotic edema from hypoalbuminemia only,,,,A,
,SK-22,Pathology,"At autopsy of a patient who died suddenly, a right atrial clot had a gelatinous yellow upper layer and a red lower portion. Which of the following best describes this finding?",chicken fat clot,Gallstone,,,,A,
,SK-22,Pathology,"Gilbert syndrome causes episodic unconjugated hyperbilirubinemia that produces intermittent jaundice during physiologic stressors such as fasting, illness, or heat exposure. Which of the following best describes its presentation?","Jaundice triggered by stress, fasting, or hot climate",Elevated serum creatinine,,,,A,
,SK-22,Pathology,Which type of tissue necrosis is characteristic of tuberculosis?,Caseous,Liquefactive,,,,A,
,SK-22,Pathology,"Liver histology shows a central necrotic area surrounded by epithelioid cells, lymphocytes, and multinucleated giant cells. This pattern is characteristic of which type of necrosis?",Caseous necrosis,Coagulative necrosis,,,,A,
,SK-22,Pathology,Which molecule mediates leukocyte passage through the endothelium during inflammation?,PECAM-1 (CD31),Hemoglobin,,,,A,
,SK-22,Pathology,"The patient presents with epigastric pain radiating to the back and an elevated serum amylase, consistent with acute pancreatitis. Which type of necrosis is seen in this condition?",Fat necrosis,Caseous necrosis,,,,A,
,SK-22,Pathology,Which type of multinucleated giant cell is characteristic of tuberculosis?,Langhans giant cells,Foreign body giant cells,,,,A,
,SK-22,Pathology,A boy presents with arm pain and swelling and refuses examination because of severe pain. Which mediator primarily causes pain at the site?,Bradykinin,Histamine,,,,A,
,SK-22,Pathology,"Biopsy shows aggregates of epithelioid histiocytes surrounded by lymphocytes, plasma cells, and fibrosis, without caseous necrosis. What type of inflammation is this?",Granulomatous chronic inflammation,Acute suppurative inflammation,,,,A,
,SK-22,Pathology,In which pathological process are Langhans-type giant cells typically observed?,Granulomatous inflammation,Acute bacterial abscesses,,,,A,
,SK-22,Pathology,Granulomatous inflammation in tuberculosis is mediated primarily by which cell type?,Epithelioid macrophages,Neutrophils,,,,A,
,SK-22,Pathology,"During acute inflammation, exudate formation is primarily due to which mechanism?",Increased vascular permeability,Decreased plasma oncotic pressure,,,,A,
,SK-22,Pathology,"A diabetic, hypertensive patient on chronic dialysis presents with a femur fracture. Which hormone is responsible for widespread bone loss and fractures?",Parathyroid hormone,Glucagon,,,,A,
,SK-22,Pathology,"In muscular dystrophy, which of the following substances cannot cross the muscle cell membrane because of its large size?",Albumin,Glucose,,,,A,
,SK-22,Pathology,Which of the following best defines a proto-oncogene?,A normal gene that promotes cell proliferation,An abnormal gene that causes increased cell proliferation,,,,A,
,SK-22,Pathology,A decrease in cancer cell size after chemotherapy most commonly results from which cellular process?,Apoptosis,Necrosis,,,,A,
,SK-22,Pathology,A 72-year-old woman receiving treatment for lung cancer has a hemoglobin of 17 g/dL without dehydration or chronic hypoxia. Which tumor-secreted substance most likely explains this erythrocytosis?,Erythropoietin,Renin,,,,A,
,SK-22,Pathology,Cigarette smoke contains multiple carcinogens. Which of the following is a major carcinogen found in cigarette smoke?,Polycyclic aromatic hydrocarbons,Vitamin C,,,,A,
,SK-22,Pathology,Proto-oncogenes are normal cellular genes that promote cell growth and division.,Normal genes regulating cell growth,Polysaccharide molecules,,,,A,
,SK-22,Pathology,Which brain tumor most commonly arises after cranial irradiation?,Meningioma,Basal cell carcinoma,,,,A,
,SK-22,Pathology,Which microscopic finding is characteristic of squamous cell carcinoma?,Keratin pearls,Mucin production,,,,A,
,SK-22,Pathology,Through which anatomic route does melanoma invade the orbital cavity?,Emissary Vein,Eustachian Tube,,,,A,
,SK-22,Pathology,"A patient has a well-circumscribed, mobile breast mass. Which diagnosis is most likely?",Fibroadenoma,Prostate adenoma,,,,A,
,SK-22,Pathology,Which serum tumor marker is most commonly used to monitor colon cancer?,CEA,CA-125,,,,A,
,SK-22,Pathology,A man presents with generalized swelling for two weeks. Physical exam shows a thick-walled kidney; 24-hour urinary protein is 4 g/day and renal biopsy reveals apple-green birefringent deposits on Congo red stain.,Multiple myeloma,Hepatitis,,,,A,
,SK-22,Pathology,"A 14-year-old boy presents with generalized swelling and has nephrotic-range proteinuria (>10 g/day), hypoalbuminemia, and hyperlipidemia. What is the primary mechanism responsible for his edema?",Decreased oncotic pressure,Increased capillary hydrostatic pressure,,,,A,
,SK-22,Pathology,A patient with edema and proteinuria has a kidney biopsy showing segmental glomerulosclerosis. Which additional feature is often associated with this condition?,Erythropoietin deficiency,Polycythemia,,,,A,
,SK-22,Pathology,"In kidney disease with significant proteinuria, which mechanism most commonly causes edema?",Decreased oncotic pressure,Increased plasma oncotic pressure,,,,A,
,SK-22,Pathology,"In elderly patients with movement disorders, which brain structure most commonly shows neuronal degeneration?",Substantia nigra,Cerebellum,,,,A,
,SK-22,Pathology,Lambert-Eaton myasthenic syndrome (LEMS) is most commonly associated with which malignancy?,Small cell lung cancer (SCLC),Melanoma,,,,A,
,SK-22,Pathology,A woman presents with an adnexal mass containing teeth and hair. What is the most likely diagnosis?,Mature cystic teratoma (dermoid cyst),Granulosa cell tumor,,,,A,
,SK-22,Pathology,A 4-year-old boy presents with a firm testicular mass and markedly elevated AFP. Which germ cell tumor is most likely?,Yolk sac,Choriocarcinoma,,,,A,
,SK-22,Pathology,"A 77-year-old man presents with urinary frequency, urgency, nocturia, and difficulty voiding. Which organ is most likely involved?",Prostate,Urinary bladder,,,,A,
,SK-22,Pathology,A patient presents with dyspnea and abnormal arterial blood gases and is diagnosed with emphysema. What primary pathophysiologic mechanism accounts for this disease?,Loss of elastic recoil of lung,Reversible bronchoconstriction,,,,A,
,SK-22,Pathology,Pleural fluid is cloudy with increased neutrophils; which type of pleural effusion is most likely?,Purulent exudate,Synovial effusion,,,,A,
,SK-22,Pathology,A 67-year-old chronic smoker has progressive dyspnea and a barrel chest. Pulmonary function tests show increased lung compliance with reduced expiratory flow; loss of alveolar elastic recoil is most characteristic of which disease?,Emphysema,Pulmonary embolism,,,,A,
,SK-22,Pathology,A 55-year-old shipyard worker has progressive dyspnea and bilateral pleural plaques on chest imaging. Which occupational exposure most likely caused these findings?,Asbestos,Silica,,,,A,
,SK-22,Pathology,Which type of pleural fluid is associated with congestive heart failure?,Transudate,Fibrinous,,,,A,
,SK-22,Pathology,"A 55-year-old shipyard worker has progressive dyspnea and chest pain. Imaging shows pleural thickening with multiple pleural plaques, and pleural biopsy reveals malignant spindle-shaped cells arising from the pleura; exposure to which substance is most strongly associated with this condition?",Asbestos,Pollen,,,,A,
,SK-22,Pathology,Emphysema increases physiologic dead space by destroying alveolar-capillary units and reducing perfusion of ventilated alveoli. How is physiologic dead space affected in emphysema?,Increasing,Decreasing,,,,A,
,SK-22,Pathology,Which histologic change is most commonly found in the bronchial epithelium of chronic smokers during bronchoscopy?,Squamous metaplasia,Hepatocellular carcinoma,,,,A,
,SK-22,Pathology,Which of the following findings is characteristic of emphysema?,Increased lung volume,Hypoinflated lungs,,,,A,
,SK-22,Pathology,"Surfactant deficiency increases alveolar surface tension, leading to alveolar collapse and decreased lung compliance.",Decreased lung compliance,Increased lung compliance,,,,A,
,SK-22,Pathology,Which of the following is a component of Virchow's triad that predisposes to thrombosis?,Endothelial injury,Bronchospasm,,,,A,
,SK-22,Pathology,A 55-year-old man with long-standing uncontrolled hypertension has progressive visual impairment and worsening renal function. Which vascular structure is primarily involved in hypertensive injury to both the retina and the kidneys?,Arterioles,Lymphatic vessels,,,,A,
,SK-22,Pathology,A patient presents with severe chest pain and is found to have aortic dilatation. Which of the following is the most likely cause?,Ehlers-Danlos syndrome,Iron deficiency anemia,,,,A,
,SK-22,Pediatrics,"A neonate develops a continuous ""machinery"" murmur 48 hours after birth that resolves after a dose of indomethacin. What is the most likely diagnosis?",Patent ductus arteriosus,Coarctation of the aorta,,,,A,
,SK-22,Pediatrics,"A child has a continuous ""machinery"" murmur on cardiac auscultation. Which lesion most likely causes this?",PDA,AS,,,,A,
,SK-22,Pediatrics,Which condition most commonly causes a patent ductus arteriosus (PDA)?,Prematurity,Maternal diabetes,,,,A,
,SK-22,Pediatrics,A 20-day-old infant presents with dark urine and pale stools. Which diagnosis is most likely?,Biliary obstruction,Breast milk jaundice,,,,A,
,SK-22,Pediatrics,"A boy has developmental delay, an elongated face, and large ears. Which diagnosis is most likely?",Fragile X syndrome,Down syndrome,,,,A,
,SK-22,Pediatrics,"A 3-month-old infant has a small head, flat facial profile, upward-slanting palpebral fissures, a protruding tongue, and small low-set ears. Which genetic disorder is most likely?",Down syndrome,Edwards syndrome,,,,A,
,SK-22,Pediatrics,"A female presents with short stature, a webbed neck, and absent ovaries. Which diagnosis is most likely?",Turner syndrome,Swyer syndrome,,,,A,
,SK-22,Pediatrics,What is the most common cause of bacterial meningitis in a 12-year-old child?,Neisseria meningitidis,Streptococcus pneumoniae,,,,A,
,SK-22,Pediatrics,"A child has fever, headache, vomiting, neck stiffness, and both Kernig and Brudzinski signs are positive. What is the most appropriate initial treatment?",Ceftriaxone,Oral amoxicillin,,,,A,
,SK-22,Pediatrics,"A 4-month-old male infant presents with poor feeding, seizures, developmental delay, hypotonia, hypothermia, and kinky hair; laboratory tests show low serum copper and low ceruloplasmin. Which diagnosis is most likely?",Menkes disease,Hemochromatosis,,,,A,
,SK-22,Pediatrics,"A 2-year-6-month-old male child presents with recurrent seizures, developmental regression, and failure to thrive beginning around three months of age. Exam shows severe hypotonia, distinctive facial features, and sparse, coarse, kinky hair; serum copper and ceruloplasmin are low—what is the diagnosis?",Menkes Disease,Wilson Disease,,,,A,
,SK-22,Pediatrics,On exam a newborn has a rounded chest with the ribs running nearly horizontal in cross-section. Which description best characterizes a normal newborn chest?,Circular,Rectangular,,,,A,
,SK-22,Pediatrics,Which finding may be present in a postmature newborn?,Meconium-stained skin and long nails,Polydactyly,,,,A,
,SK-22,Pediatrics,Ultrasound of a child shows only one kidney. Which condition most likely explains this finding?,Renal agenesis,Horseshoe kidney,,,,A,
,SK-22,Pediatrics,Which vitamin deficiency is commonly seen in patients with cystic fibrosis?,Vitamin K,Vitamin C,,,,A,
,SK-22,Pediatrics,"A child has growth retardation, recurrent bronchitis, and chronic diarrhea. Which vitamin is deficient?",Retinoic acid,Vitamin K,,,,A,
,SK-22,Pediatrics,"A 2-year-old child has failure to thrive with pale, bulky stools and night blindness. Which vitamin deficiency is most likely?",Vitamin A,Vitamin C,,,,A,
,SK-22,Pediatrics,"A child with asthma has severe dyspnea, nasal flaring, and prefers sitting upright to breathe more comfortably. Which of the following is most likely responsible for these findings?",Decreased arterial CO2,Decreased respiratory drive,,,,A,
,SK-22,Pediatrics,A child has a midline neck mass below the hyoid bone that moves with tongue protrusion. What is the most likely diagnosis?,Thyroglossal duct cyst,Branchial cleft cyst,,,,A,
,SK-22,Pediatrics,A child presents with right lower quadrant pain and abdominal guarding. What is the most likely diagnosis?,Acute appendicitis,Cholelithiasis,,,,A,
,SK-22,Pediatrics,A newborn with bowel loops visible in the chest on imaging and severe respiratory distress most likely has which condition?,Congenital diaphragmatic hernia (Bochdalek),Inguinal hernia,,,,A,
,SK-22,Pharmacology,Which regional nerve block produces the highest plasma concentration of a local anesthetic because of the fastest systemic absorption?,Intercostal block,Topical application,,,,A,
,SK-22,Pharmacology,"In a boy with a prolonged history of raised intracranial pressure, which anesthetic agent should be avoided?",Ketamine,Bupivacaine,,,,A,
,SK-22,Pharmacology,A man sustained a 10-inch head laceration in a road traffic accident that requires suturing. Which anesthetic agent is best for infiltration to suture this wound?,250 ml of 2% lignocain with adrenaline,250 ml of 0.5% lignocaine with adrenaline,,,,A,
,SK-22,Pharmacology,Which of the following drugs causes myocardial depression when given before ketamine anesthesia?,Propanolol,Morphine,,,,A,
,SK-22,Pharmacology,Which anesthetic agent is contraindicated in patients with increased intracranial pressure?,Ketamine,Propofol,,,,A,
,SK-22,Pharmacology,A patient presents before exams with sore throat and rhinorrhea. Which drug most effectively relieves allergic symptoms while causing minimal sedation?,Loratadine,Ibuprofen,,,,A,
,SK-22,Pharmacology,"In a patient with chronic renal failure being treated for otitis media, which medication requires caution?",Gentamicin,Ceftriaxone,,,,A,
,SK-22,Pharmacology,A patient with chronic kidney disease needs an antibiotic that requires minimal dose adjustment. Which antibiotic should be avoided?,Gentamicin,Metformin,,,,A,
,SK-22,Pharmacology,A patient with diabetes presents with severe ear pain and purulent ear discharge. Which antibiotic is the drug of choice?,Gentamicin,Isoniazid,,,,A,
,SK-22,Pharmacology,A 45-year-old patient with chronic inflammatory arthritis needs antibiotic therapy. Which of the following should be avoided because of adverse effects on joints and cartilage?,Fluoroquinolone,Penicillin,,,,A,
,SK-22,Pharmacology,A patient receiving antitubercular therapy cannot distinguish traffic light colors. Which drug is most likely responsible?,Ethambutol,Aspirin,,,,A,
,SK-22,Pharmacology,A woman being treated for a vaginal infection reports a metallic taste. Which drug is most likely responsible?,Metronidazole,Clindamycin,,,,A,
,SK-22,Pharmacology,An HIV-positive patient with pneumonia was treated with cotrimoxazole. What is the drug's mechanism of action?,Folate synthesis inhibition,DNA gyrase inhibition,,,,A,
,SK-22,Pharmacology,A patient treated for malaria develops dark brown urine; which antimalarial drug is most likely responsible?,Primaquine,Quinine,,,,A,
,SK-22,Pharmacology,A contact lens wearer presents with conjunctival redness. Which adrenergic agent would relieve the symptoms?,Phenylephrine,Isoproterenol,,,,A,
,SK-22,Pharmacology,Which is the most important clinical use of anticholinergic drugs?,Bronchodilation in COPD,Bradycardia,,,,A,
,SK-22,Pharmacology,"In acute management of a regular, narrow‑QRS supraventricular tachycardia, which medication is indicated?",Adenosine,Insulin,,,,A,
,SK-22,Pharmacology,"A 20-year-old woman taking long-term thyroxine develops an arrhythmia that is treated with a medication; afterward she has fatigue, lethargy, and cold intolerance. Which drug is responsible?",Amiodarone,Thyroxine,,,,A,
,SK-22,Pharmacology,A patient with recurrent paroxysmal supraventricular tachycardia requires prophylactic treatment. Which drug is preferred?,Beta-blocker,Verapamil,,,,A,
,SK-22,Pharmacology,A patient with severe asthma develops supraventricular tachycardia (SVT) while admitted. Which drug is the best initial therapy to terminate the arrhythmia?,Amiodarone,Lidocaine,,,,A,
,SK-22,Pharmacology,What is digoxin's primary mechanism of action?,Inhibition of Na+/K+-ATPase,Calcium channel blockade,,,,A,
,SK-22,Pharmacology,Lidocaine is the preferred initial antiarrhythmic for which type of arrhythmia?,Ventricular tachycardia,Atrial fibrillation,,,,A,
,SK-22,Pharmacology,A patient with hypertension requires pharmacologic therapy. Which class of antihypertensive drugs is preferred for treating left ventricular hypertrophy?,ACE inhibitors,Calcium channel blockers,,,,A,
,SK-22,Pharmacology,A patient has chest pain and diaphoresis with ST-segment elevation on ECG but normal troponin levels. Coronary vasospasm is suspected; which drug is most appropriate?,Verapamil,Captopril,,,,A,
,SK-22,Pharmacology,On which cardiac structure does digoxin primarily act?,Myocardial Na+/K+ ATPase,SA node,,,,A,
,SK-22,Pharmacology,"A patient is taking captopril, an ACE inhibitor. Which cardiac effect is expected?",Increased stroke volume,Marked QT prolongation,,,,A,
,SK-22,Pharmacology,Low serum potassium increases the risk of toxicity from which of the following drugs?,Digoxin,Beta-blockers,,,,A,
,SK-22,Pharmacology,A patient with heart failure who presents with pulmonary edema and bilateral lung crackles is best initially managed with loop diuretics.,Loop diuretics,Beta-blockers,,,,A,
,SK-22,Pharmacology,Which medication should be avoided in a patient taking sildenafil because the combination can cause severe hypotension?,Nitrates,Antacids,,,,A,
,SK-22,Pharmacology,"During thyroidectomy for a toxic nodule, the patient develops intraoperative tachycardia and hypertension. Which agent is preferred for short-term control?",Esmolol,Labetalol,,,,A,
,SK-22,Pharmacology,A 47-year-old patient with newly diagnosed hyperthyroidism presents with palpitations and an irregularly irregular pulse. Which medication is first-line to control his heart rate?,Beta-blocker,Calcium channel blocker,,,,A,
,SK-22,Pharmacology,Which drug class includes digoxin?,Glycoside,Antibiotic,,,,A,
,SK-22,Pharmacology,Why are corticosteroids given to patients in shock?,Reduce capillary permeability and inflammation,Improve myocardial contractility,,,,A,
,SK-22,Pharmacology,Which medication is the first-line treatment for anaphylactic shock?,IM adrenaline / IV adrenaline,Oral antihistamines,,,,A,
,SK-22,Pharmacology,"A patient on warfarin is started on cimetidine and, after a few days, has an increased INR. What is the most likely mechanism of this drug interaction?",Decreased hepatic metabolism of warfarin,Increased absorption of warfarin in the gut,,,,A,
,SK-22,Pharmacology,Pioglitazone lowers blood glucose primarily by increasing insulin sensitivity in peripheral tissues via PPAR-γ activation.,Increasing insulin sensitivity,Blocking alpha-glucosidase,,,,A,
,SK-22,Pharmacology,Which condition does demeclocycline treat?,SIADH,Diabetes mellitus,,,,A,
,SK-22,Pharmacology,A patient has hyponatremia due to SIADH that has not improved with fluid restriction. Which drug can be used?,Demeclocycline,Metoprolol,,,,A,
,SK-22,Pharmacology,Which drug should be avoided in patients with renal insufficiency because it can precipitate lactic acidosis?,Metformin,Glipizide,,,,A,
,SK-22,Pharmacology,Which medication is preferred for treating hyperthyroidism during the first trimester of pregnancy?,PTU,Vitamin D,,,,A,
,SK-22,Pharmacology,"A patient with type 2 diabetes has nausea, abdominal pain, Kussmaul respirations, and a high anion-gap metabolic acidosis with only mildly elevated blood glucose; which antidiabetic drug is most likely responsible?",Metformin,Insulin glargine,,,,A,
,SK-22,Pharmacology,Which of the following processes is decreased by glucocorticoids?,Glucose uptake into cells,Glycogen stores,,,,A,
,SK-22,Pharmacology,A patient with diabetes developed recurrent urinary tract infections and genital candidiasis after starting a new oral antidiabetic medication. Which medication most likely caused these infections?,SGLT-2 inhibitor,DPP-4 inhibitor,,,,A,
,SK-22,Pharmacology,Which medication is used for symptomatic relief of hyperthyroidism?,Propranolol,Insulin,,,,A,
,SK-22,Pharmacology,Which action of propranolol explains its clinical benefit in hyperthyroidism?,Inhibits peripheral conversion of T4 to T3,Decreases TSH secretion,,,,A,
,SK-22,Pharmacology,Chronic glucocorticoid therapy increases the risk of which complication?,Osteoporosis,Cystic fibrosis,,,,A,
,SK-22,Pharmacology,Which medication commonly causes a metallic taste and nausea?,Metformin,Pioglitazone,,,,A,
,SK-22,Pharmacology,Which endocrine disorder is most likely to result from chronic lithium therapy?,Hypothyroidism,Hyperthyroidism,,,,A,
,SK-22,Pharmacology,Pioglitazone improves insulin sensitivity by activating PPAR-γ nuclear receptors in adipose tissue and muscle.,Activates PPAR-γ,Inhibits DPP-4,,,,A,
,SK-22,Pharmacology,Chronic glucocorticoid therapy is most likely to cause which of the following?,Osteoporosis,Hypertension only,,,,A,
,SK-22,Pharmacology,A patient has hyperthyroidism and requires appropriate therapy. Which drug is the first-line treatment?,Methimazole,Propylthiouracil (PTU),,,,A,
,SK-22,Pharmacology,The first-line drug for treating esophageal spasm is:,Nifedipine,Verapamil,,,,A,
,SK-22,Pharmacology,Ondansetron is an antiemetic that works by antagonizing serotonergic 5-HT3 receptors.,5-HT3 receptor antagonist,Beta-2 adrenergic agonist,,,,A,
,SK-22,Pharmacology,"In a chronic alcoholic with Helicobacter pylori infection, which drug is least effective?",Insulin,Metronidazole,,,,A,
,SK-22,Pharmacology,Which of the following drugs is used to treat Crohn disease?,Mesalamine,Loperamide,,,,A,
,SK-22,Pharmacology,A patient taking cimetidine is started on sucralfate and becomes less responsive to cimetidine. What explains this interaction?,Decreased absorption of cimetidine,Increased renal excretion,,,,A,
,SK-22,Pharmacology,An alcoholic patient with H. pylori infection receives standard triple therapy. Which drug's efficacy is reduced by alcohol?,Metronidazole,Clarithromycin,,,,A,
,SK-22,Pharmacology,A patient with immune thrombocytopenic purpura undergoes splenectomy. Delayed postoperative wound healing in this patient is most likely due to:,Steroid therapy,Thrombocytopenia,,,,A,
,SK-22,Pharmacology,A pregnant woman in her first trimester took an anticoagulant. Fetal ultrasound shows nasal hypoplasia with a depressed nasal bridge and stippled epiphyses; which drug exposure most likely caused this?,Warfarin,Phenytoin,,,,A,
,SK-22,Pharmacology,Low-dose aspirin irreversibly inhibits the platelet synthesis of which mediator?,Thromboxane A₂,Renin,,,,A,
,SK-22,Pharmacology,Warfarin inhibits hepatic synthesis of vitamin K–dependent clotting factors.,Vitamin K-dependent clotting factors,Insulin secretion,,,,A,
,SK-22,Pharmacology,"During chemotherapy, a cancer patient develops normocytic, normochromic anemia. Which treatment is most appropriate?",Erythropoietin,Insulin therapy,,,,A,
,SK-22,Pharmacology,Which antithrombotic agent is known to cause thrombocytopenia?,Heparin,Clopidogrel,,,,A,
,SK-22,Pharmacology,"Aspirin primarily inhibits platelet function by irreversibly blocking cyclooxygenase, which reduces thromboxane A2 production and impairs platelet aggregation.",Platelet aggregation,DNA replication,,,,A,
,SK-22,Pharmacology,"Cyclosporine prevents transplant rejection by inhibiting calcineurin, which reduces IL-2 transcription and T-cell activation.",Inhibiting calcineurin,Stimulating insulin release,,,,A,
,SK-22,Pharmacology,Which antibiotic is the drug of choice for Enterococcus faecalis infection?,Ampicillin,Itraconazole,,,,A,
,SK-22,Pharmacology,A 10-year-old boy presents with a throat infection. The most likely treatment is:,Amoxicillin,Ibuprofen,,,,A,
,SK-22,Pharmacology,Which medication is preferred for treating infection with Taenia species?,Praziquantel,Mebendazole,,,,A,
,SK-22,Pharmacology,"For a patient with renal disease who requires antibiotic therapy, which antibiotic is preferred?",Ceftriaxone,Gentamicin,,,,A,
,SK-22,Pharmacology,Which medication lowers serum triglycerides by activating PPAR-α and increasing fatty acid oxidation and lipoprotein lipase activity?,Gemfibrozil,Niacin,,,,A,
,SK-22,Pharmacology,Which cytochrome P450 isoenzyme is most frequently inhibited by drugs?,CYP3A4,CYP2D6,,,,A,
,SK-22,Pharmacology,A 30-year-old patient has complex partial (focal impaired-awareness) seizures. Which anticonvulsant regimen is most appropriate to control these seizures?,Carbamazepine,Levetiracetam,,,,A,
,SK-22,Pharmacology,Which of the following best describes how glucocorticoids affect inflammatory responses?,Suppress cytokine production and T-cell proliferation,Promote histamine release from mast cells,,,,A,
,SK-22,Pharmacology,Which of the following drugs preferentially inhibits cyclooxygenase-2 (COX-2)?,Meloxicam,Metformin,,,,A,
,SK-22,Pharmacology,A patient with a known gastric ulcer presents to clinic with dental pain. Which analgesic is the preferred choice?,Acetaminophen,Naproxen,,,,A,
,SK-22,Pharmacology,Which chemotherapeutic agent commonly causes hemorrhagic cystitis that presents with hematuria?,Cyclophosphamide,Acetaminophen,,,,A,
,SK-22,Pharmacology,Which enzyme is inhibited by methotrexate?,Dihydrofolate reductase,Acetylcholinesterase,,,,A,
,SK-22,Pharmacology,A patient with a renal tumor receiving chemotherapy developed gross hematuria. Which anticancer drug most likely caused this bleeding?,Cyclophosphamide,Bleomycin,,,,A,
,SK-22,Pharmacology,Chemotherapy reduces tumor burden primarily by triggering programmed cell death (apoptosis) in malignant cells.,Apoptosis,Hyperplasia,,,,A,
,SK-22,Pharmacology,"Which of the following drugs is excreted primarily unchanged, without significant biotransformation?",Streptomycin,Paracetamol,,,,A,
,SK-22,Pharmacology,"In a 70 kg man, a drug is eliminated at 5 L/hour and the plasma concentration is 25 mg/L. What maintenance dose (mg/hour) is required to maintain this concentration?",125 mg/hr,625 mg/hr,,,,A,
,SK-22,Pharmacology,The maintenance dose required to maintain a steady plasma drug concentration is calculated as the product of the drug clearance and the target plasma concentration.,Clearance × target plasma concentration,Half-life × volume of distribution,,,,A,
,SK-22,Pharmacology,Drug Y binds albumin 100-fold more than Drug X. What happens to Drug Y's free (unbound) plasma concentration?,Free concentration decreases,Drug Y is converted into Drug X,,,,A,
,SK-22,Pharmacology,An elderly man with hypertension is being treated with the loop diuretic bumetanide. Which of the following is the most concerning adverse effect associated with this drug?,Hypokalemia,Aplastic anemia,,,,A,
,SK-22,Pharmacology,Chronic use of which medication causes bicarbonate loss and metabolic acidosis?,Acetazolamide,Hydrochlorothiazide,,,,A,
,SK-22,Pharmacology,Thiazide diuretics lower blood pressure by inhibiting the Na+-Cl− cotransporter; they act primarily on which nephron segment?,Distal convoluted tubule,Renal artery,,,,A,
,SK-22,Pharmacology,Which medication is indicated for treating acute mountain (altitude) sickness?,Acetazolamide,Metformin,,,,A,
,SK-22,Pharmacology,A patient has a persistent dry cough at night; which medication is most appropriate for symptomatic relief?,Dextromethorphan,Salbutamol,,,,A,
,SK-22,Pharmacology,A 26-year-old man with pinpoint pupils and respiratory depression is given naloxone but becomes unconscious again 40 minutes later. What is the most likely reason?,Short half-life naloxone,Cocaine intoxication,,,,A,
,SK-22,Pharmacology,Which of the following is used in the treatment of aspirin (salicylate) toxicity?,Sodium bicarbonate,Calcium gluconate,,,,A,
,SK-22,Pharmacology,Which symptom is the earliest manifestation of systemic bupivacaine toxicity?,Ringing in ears,Arrhythmia,,,,A,
,SK-22,Pharmacology,Which of the following drugs can precipitate hemolysis in a patient with glucose-6-phosphate dehydrogenase (G6PD) deficiency?,Primaquine,Insulin,,,,A,
,SK-22,Pharmacology,An unconscious patient with respiratory distress is brought to the ER and an empty aspirin bottle is found. Which intervention enhances salicylate (aspirin) elimination?,Bicarbonate administration,Insulin administration,,,,A,
,SK-22,Pharmacology,A patient treated with naloxone for opioid overdose develops recurrent opioid toxicity 45 minutes later. What is the most likely explanation?,Short half-life of naloxone,Hyperthyroidism,,,,A,
,SK-22,Pharmacology,Which opioid causes central nervous system excitation when coadministered with monoamine oxidase inhibitors?,Pethidine,Fentanyl,,,,A,
,SK-22,Pharmacology,A mother taking phenytoin has a child with a bleeding disorder. Which mechanism most likely explains the child's bleeding?,Impaired vitamin K-dependent carboxylation of glutamate,von Willebrand disease,,,,A,
,SK-22,Pharmacology,Initial management of acute aspirin (salicylate) toxicity includes removal of the drug and measures to enhance elimination; urinary alkalinization with sodium bicarbonate is a key therapy.,Administration of sodium bicarbonate,Administration of vitamin B12,,,,A,
,SK-22,Physiology,Excessive ventilation lowers arterial CO2; which acid–base disturbance does this cause?,Respiratory alkalosis,Metabolic alkalosis,,,,A,
,SK-22,Physiology,Which intervention most reduces cellular aging?,Reduced caloric intake,Resistance exercise,,,,A,
,SK-22,Physiology,What is the primary function of erythrocytes?,Regulating blood pH,Maintaining viscosity,,,,A,
,SK-22,Physiology,A 30-year-old man lost about 1–2 liters of blood in a road traffic accident and was stabilized in the hospital. Which laboratory parameter is least affected immediately after the hemorrhage?,Hematocrit immediately after blood loss,Reticulocyte count 2 days after hemorrhage,,,,A,
,SK-22,Physiology,Which cells have an average lifespan of approximately 120 days?,Erythrocytes,Neurons,,,,A,
,SK-22,Physiology,Which substance initiates activation of the extrinsic coagulation pathway?,Tissue thromboplastin (tissue factor),Platelet factor 3,,,,A,
,SK-22,Physiology,Which factor initiates kinin generation and the intrinsic coagulation cascade?,Hageman factor (Factor XII),Fibrinogen,,,,A,
,SK-22,Physiology,Parasympathetic stimulation slows the heart by increasing cardiac cell membrane permeability to which ion?,Potassium,Glucose,,,,A,
,SK-22,Physiology,Which cardiovascular parameter remains persistently increased in athletes after long-term training?,Stroke volume,Heart rate,,,,A,
,SK-22,Physiology,At approximately what pressure does the pulmonary valve open?,8 mmHg,120 mmHg,,,,A,
,SK-22,Physiology,Which mechanism primarily increases blood flow to skeletal muscle during exercise?,Local metabolites,Bone remodeling,,,,A,
,SK-22,Physiology,"During physical exercise, which cardiovascular parameter decreases?",Total peripheral resistance,Cardiac output,,,,A,
,SK-22,Physiology,On which physiologic tracing is the dicrotic notch observed?,Arterial pressure waveform,Electroencephalogram (EEG),,,,A,
,SK-22,Physiology,"Per 100 g of tissue, which organ receives the highest blood flow?",Kidney,Skin,,,,A,
,SK-22,Physiology,Activation of aortic arch chemoreceptors causes which of the following physiological changes?,Increases BP,Elevated serum bilirubin,,,,A,
,SK-22,Physiology,Which cardiac event produces the c wave on a jugular venous pressure tracing?,Closure of atrioventricular valves,Closure of semilunar valves,,,,A,
,SK-22,Physiology,"During the cardiac cycle, in which phase do the aortic and pulmonary (semilunar) valves open?",Rapid ejection phase,Isovolumetric contraction,,,,A,
,SK-22,Physiology,Which ion has a higher concentration inside cells than in the extracellular fluid?,K⁺,Na⁺,,,,A,
,SK-22,Physiology,Which macromolecule is most critical for a cell to enter and progress through the G1 phase of the cell cycle?,Protein,DNA,,,,A,
,SK-22,Physiology,During which phase of mitosis are chromosomes most condensed and therefore most clearly visible by light microscopy?,Metaphase,Prophase,,,,A,
,SK-22,Physiology,During which phase of mitosis do chromosomes first become distinctly visible under a light microscope?,Prophase,Interphase,,,,A,
,SK-22,Physiology,"During cell division, spindle fibers attach to which part of a chromosome?",Kinetochore,Mitochondrion,,,,A,
,SK-22,Physiology,Which cytoskeletal component is formed by actin filaments?,Microfilaments,Intermediate filaments,,,,A,
,SK-22,Physiology,Which of the following is present in mitochondria?,Maternal DNA,Peptidoglycan,,,,A,
,SK-22,Physiology,Which anterior pituitary hormone is inhibited by hypothalamic input?,Prolactin,Growth hormone (GH),,,,A,
,SK-22,Physiology,Oxytocin and vasopressin are released from the posterior pituitary; where are they synthesized before being transported down axons?,Hypothalamic supraoptic and paraventricular nuclei,Posterior pituitary,,,,A,
,SK-22,Physiology,A patient with acromegaly has impaired hypothalamic inhibition of growth hormone secretion. Which pair of hypothalamic hormones normally regulates pituitary GH release?,Somatostatin and GHRH,Epinephrine and norepinephrine,,,,A,
,SK-22,Physiology,Which of the following hormones is not a primary mediator released during acute stress?,Thyroid Stimulating Hormone (TSH),Norepinephrine,,,,A,
,SK-22,Physiology,"After a large sodium-rich meal, which hormone primarily increases sodium reabsorption in the distal nephron?",Aldosterone,Calcitonin,,,,A,
,SK-22,Physiology,Which condition increases antidiuretic hormone (ADH) secretion?,Low plasma volume,Hypernatremia only,,,,A,
,SK-22,Physiology,Which mediator primarily causes the nocturnal decrease in gonadotropin-releasing hormone (GnRH) secretion?,Melatonin,Dopamine,,,,A,
,SK-22,Physiology,Which hormone is primarily secreted in darkness?,Melatonin,Cortisol,,,,A,
,SK-22,Physiology,How does dopamine administration affect prolactin secretion?,Decreasing prolactin secretion,Having no effect on prolactin,,,,A,
,SK-22,Physiology,Cortisol primarily causes which effect on protein metabolism?,Catabolic effects,Stimulates hemoglobin synthesis,,,,A,
,SK-22,Physiology,Which hormone stimulates protein synthesis in the liver while promoting protein breakdown in extrahepatic tissues?,Cortisol,Parathyroid hormone,,,,A,
,SK-22,Physiology,Which condition increases glucagon secretion?,Exercise,Hyperinsulinemia,,,,A,
,SK-22,Physiology,0.1 mg of a drug is injected intravenously and the plasma concentration becomes 0.1 mg per 100 mL. What is the approximate extracellular fluid (ECF) volume?,10 L,5 L,,,,A,
,SK-22,Physiology,A house officer accidentally gives a child a large intravenous infusion of sodium chloride. Which body fluid compartment will increase the most?,Extracellular fluid (ECF),Interstitial fluid,,,,A,
,SK-22,Physiology,Which plasma component is present at a higher concentration than in interstitial fluid and is primarily responsible for oncotic pressure?,Protein,Hemoglobin,,,,A,
,SK-22,Physiology,"A 40-year-old male laborer presents during summer after working outdoors with muscle weakness, fatigue, palpitations, and dehydration. ECG shows polymorphic ventricular tachycardia and labs demonstrate low serum potassium; which electrolyte disturbance most likely explains the ECG findings?",Hypokalemia,Hypoglycemia,,,,A,
,SK-22,Physiology,Which of the following temporarily raises serum potassium levels?,Exercise,Insulin,,,,A,
,SK-22,Physiology,A person wakes at 5 AM with gastric pain and bloating after a fatty meal. Which of the following delays gastric emptying?,CCK,Insulin,,,,A,
,SK-22,Physiology,Intestinal glucose absorption occurs primarily by which mechanism?,Active transport (SGLT1 and GLUT2),Passive diffusion,,,,A,
,SK-22,Physiology,Excess gastric acid is entering the duodenum from a duodenal ulcer. Which hormone stimulates pancreatic bicarbonate secretion to neutralize the acid?,Secretin,Cholecystokinin,,,,A,
,SK-22,Physiology,Which factor primarily increases gastric motility?,Increased gastric and duodenal volume,Fasting,,,,A,
,SK-22,Physiology,Increased dietary fiber intake primarily causes what effects on intestinal motility and cholesterol absorption?,Increased gut motility and decreased cholesterol absorption,Increased gastric acid secretion,,,,A,
,SK-22,Physiology,Which of the following increases intestinal motility?,Serotonin (5-HT),Somatostatin,,,,A,
,SK-22,Physiology,Which gastrointestinal hormone reduces gastric motility?,Cholecystokinin,Secretin,,,,A,
,SK-22,Physiology,Which gastric region secretes intrinsic factor?,Fundus,Antrum,,,,A,
,SK-22,Physiology,"During a football game, a muscle contraction in which the muscle shortens while moving a constant external load is called:",Isotonic,Isometric,,,,A,
,SK-22,Physiology,Repeated stimuli that produce continuous muscle contraction without any relaxation are called:,Tetanic contraction,Tonic contraction,,,,A,
,SK-22,Physiology,"With sympathetic activation, which effect is mediated by alpha-adrenergic receptors?",Pupillary dilation,Increased salivation,,,,A,
,SK-22,Physiology,Beta-adrenergic stimulation produces which of the following effects?,Cardiac acceleration,Bronchoconstriction,,,,A,
,SK-22,Physiology,Which neurotransmitter is released by parasympathetic postganglionic fibers?,Acetylcholine,Epinephrine,,,,A,
,SK-22,Physiology,Which neurotransmitter primarily mediates the sympathetic nervous system's effects on the heart?,Adrenaline,Acetylcholine,,,,A,
,SK-22,Physiology,A patient has lost skilled voluntary movements; which descending motor tract is most likely affected?,Corticospinal tract,Optic nerve,,,,A,
,SK-22,Physiology,Which brain region primarily mediates memory formation and is impaired when memory loss occurs?,Hippocampal gyrus,Cerebral cortex,,,,A,
,SK-22,Physiology,Which fiber type corresponds to preganglionic autonomic nerve fibers?,Type B fibers,Type A fibers,,,,A,
,SK-22,Physiology,Tapping the patellar (quadriceps) tendon during assessment causes a sudden leg extension. This movement is:,Automatic reflex,Voluntary movement,,,,A,
,SK-22,Physiology,Which structure produces the majority of cerebrospinal fluid?,Choroid plexus,Pia mater,,,,A,
,SK-22,Physiology,Which nerve fibers transmit fast (sharp) pain sensations?,A delta,C fiber,,,,A,
,SK-22,Physiology,Recording the summed electrical activity from a nerve trunk produces a compound action potential.,Compound action potential,Cardiac action potential,,,,A,
,SK-22,Physiology,A patient develops perioral tingling and carpopedal spasm after thyroidectomy. This neuromuscular irritability is primarily due to:,Reduced calcium-mediated membrane stabilization,Reduced potassium efflux,,,,A,
,SK-22,Physiology,Which ion contributes most to the resting membrane potential because the membrane is most permeable to it?,Potassium (K+),Glucose,,,,A,
,SK-22,Physiology,Which nerve fibers primarily transmit touch and pressure sensations?,A-beta fibers,A-delta fibers,,,,A,
,SK-22,Physiology,What is the approximate normal cerebral blood flow in mL per 100 g of brain tissue per minute?,50 mL/100 g/min,150 mL/100 g/min,,,,A,
,SK-22,Physiology,"After a cerebrovascular accident, a patient has complete loss of voluntary muscle power. Which sensory receptor function is most likely preserved?",Nociceptors,Pacinian corpuscles,,,,A,
,SK-22,Physiology,Which neurotransmitter primarily regulates slow-wave (deep) sleep?,Serotonin,Insulin,,,,A,
,SK-22,Physiology,"After extreme cold exposure, a mountaineer develops severe shivering, cutaneous vasoconstriction, and an increased metabolic rate. Which neural center primarily mediates heat conservation and production?",Posterior hypothalamus,Medulla oblongata,,,,A,
,SK-22,Physiology,Constriction of which renal vessel decreases renal blood flow but increases the filtration fraction?,Efferent arteriole,Ureter,,,,A,
,SK-22,Physiology,"With complete absence of ADH (central diabetes insipidus) and a GFR of 150 L/day, approximately how much urine would be produced each day?",10–20 L/day,5–10 L/day,,,,A,
,SK-22,Physiology,"In dehydration, which nephron segment contains the most hypotonic tubular fluid?",Early distal tubule,Proximal tubule,,,,A,
,SK-22,Physiology,Which hormonal system senses reduced NaCl delivery to the macula densa?,Renin,ADH,,,,A,
,SK-22,Physiology,"After a road traffic accident with massive blood loss, which nephron segment helps restore blood pressure to normal?",Proximal convoluted tubule (PCT),Ureter,,,,A,
,SK-22,Physiology,"During assessment of renal fluid balance, what fraction of filtered water is reabsorbed in the proximal convoluted tubule under normal conditions?",65-70%,0.9,,,,A,
,SK-22,Physiology,Which hormone primarily modulates sodium and water reabsorption in the distal nephron?,Aldosterone,ANP,,,,A,
,SK-22,Physiology,Which of the following decreases the glomerular filtration rate (GFR)?,Afferent arteriole constriction,All of the above,,,,A,
,SK-22,Physiology,"In the proximal renal tubule, how is filtered glucose reabsorbed into the epithelial cells and back into the circulation?",Co-transport with sodium,Facilitated diffusion,,,,A,
,SK-22,Physiology,Which nephron segment reabsorbs the largest proportion of filtered water even when ADH is absent?,Proximal convoluted tubule,Renal artery,,,,A,
,SK-22,Physiology,"Given plasma and urine PAH concentrations and urine flow rate, which renal parameter can be calculated?",Renal plasma flow,Filtration fraction,,,,A,
,SK-22,Physiology,What effect does increased constriction of the efferent arteriole produce?,Increased hydrostatic pressure in glomerulus,Increased pulmonary capillary wedge pressure,,,,A,
,SK-22,Physiology,Which aquaporin channel is expressed in the renal collecting duct and regulated by antidiuretic hormone (ADH)?,Aquaporin-2,Aquaporin-1,,,,A,
,SK-22,Physiology,"During hypovolemic shock, how do renal blood vessels respond?",Vasoconstriction of renal vessels,No change,,,,A,
,SK-22,Physiology,Which test most accurately measures glomerular filtration rate (GFR) in clinical practice?,Creatinine clearance,PAH clearance,,,,A,
,SK-22,Physiology,Transport maximum (Tm) denotes the maximal rate at which renal tubules can transport a substance.,The point below which all of a substance is reabsorbed,Maximum urinary bladder capacity,,,,A,
,SK-22,Physiology,Which substance is used to measure glomerular filtration rate (GFR)?,Inulin,Ammonia,,,,A,
,SK-22,Physiology,Which of the following substances cannot cross the placenta?,Triglycerides,Carbon dioxide,,,,A,
,SK-22,Physiology,Which respiratory change is typically seen during the third trimester of pregnancy?,Decreased PaCO₂,Decreased PaO₂,,,,A,
,SK-22,Physiology,Menopause causes decreased ovarian estrogen production with changes in gonadotropin levels. Which hormonal pattern is typical?,"↑ FSH, ↑ LH, ↓ Estrogen",↑ Progesterone,,,,A,
,SK-22,Physiology,A woman presents with abdominal pain on days 15–18 of her menstrual cycle and undergoes uterine curettage. Which menstrual phase corresponds to these cycle days?,Secretory,Premenstrual,,,,A,
,SK-22,Physiology,During which phase of the uterine cycle does the endometrium become secretory?,Secretory,Postmenopausal,,,,A,
,SK-22,Physiology,Which of the following is a function of the epididymis?,Sperm maturation and storage,Sperm production,,,,A,
,SK-22,Physiology,Which hormone influences the formation of the secondary oocyte?,LH,Hemoglobin,,,,A,
,SK-22,Physiology,A patient with chronic obstructive pulmonary disease has a PaCO₂ of 80 mmHg with no acid–base disturbance. What arterial pH would you expect?,7.3,8,,,,A,
,SK-22,Physiology,Which factor decreases during a rightward shift of the oxyhemoglobin dissociation curve?,pH,Serum albumin,,,,A,
,SK-22,Physiology,Which condition causes an increased ventilation–perfusion (V/Q) ratio?,Pulmonary embolism,Pulmonary edema,,,,A,
,SK-22,Physiology,"Which of the following causes a rightward shift of the hemoglobin-oxygen dissociation curve, decreasing hemoglobin's affinity for O2?","Increased 2,3-BPG",Decreased CO2,,,,A,
,SK-22,Physiology,Calculate the functional residual capacity for an adult whose residual volume is 1.5 L and expiratory reserve volume is 0.9 L.,2.4 L,2.1 L,,,,A,
,SK-22,Physiology,Loss of elastic recoil increases lung compliance. Which respiratory disorder is characterized by increased compliance from loss of elastic recoil?,Asthma,Acute respiratory distress syndrome (ARDS),,,,A,
,SK-22,Physiology,Which change during vigorous exercise promotes unloading of oxygen from hemoglobin in active skeletal muscle?,"Increased temperature, decreased pH",Increased O2 concentration,,,,A,
,SK-22,Physiology,Which lung volume is reduced during the third trimester of pregnancy?,Expiratory reserve volume,Respiratory rate,,,,A,
,SK-22,Physiology,Which mechanism accounts for two-thirds of the increase in thoracic volume during inspiration?,Diaphragm contraction,Secretion of pulmonary surfactant by type II pneumocytes,,,,A,
,SK-22,Physiology,"In hypoxic hypoxia, which compensatory change increases oxygen delivery to tissues?","Increased 2,3-BPG, increased pH, increased temperature","Decreased hemoglobin concentration, increased pH, decreased temperature",,,,A,
,SK-22,Physiology,Pulmonary surfactant secretion involves synthesis and release of specific proteins and phospholipids by type II pneumocytes.,Production of protein and phospholipid substances,Decreased DPPC production,,,,A,
,SK-22,Physiology,"Which lung volume is present at the end of a normal, relaxed exhalation?",FRC,ICP,,,,A,
,SK-22,Physiology,How does ventilation change during exercise and at high altitude?,Increased ventilation,Decreased ventilation,,,,A,
,SK-22,Physiology,During which phase of respiration does venous return to the heart increase?,Inspiration,Apnea,,,,A,
,SK-22,Physiology,A patient is hyperventilating despite normal CO2 production. Which of the following variables will decrease?,PaCO2,Bicarbonate,,,,A,
,SK-22,Physiology,Which condition causes a leftward shift of the oxyhemoglobin dissociation curve?,Hypothermia,Acidosis,,,,A,
,SK-22,Physiology,Which structure determines the depth or prolongation of inspiration?,Apneustic center,Medullary inspiratory center,,,,A,
,SK-22,Physiology,Which P50 value indicates a rightward shift of the oxyhemoglobin dissociation curve?,36 mmHg,120 mmHg,,,,A,
,SK-22,Physiology,Which cutaneous mechanoreceptor primarily detects high-frequency vibration?,Pacinian corpuscles,Ruffini endings,,,,A,
,SK-22,Physiology,What is the term for a receptor's property that determines which type of stimulus it responds to?,Modality,Receptive field,,,,A,
,SK-22,Physiology,"A pregnant woman reports an early-morning metallic taste in her mouth. Which taste sensation arises when potassium channels are inhibited, causing receptor depolarization and action potentials?",Sour,Salty,,,,A,
,SK-22,Physiology,At approximately what temperature does human skin first begin to perceive a burning sensation?,45°C,5°C,,,,A,
,SK-22,Physiology,"In bright illumination, cone photoreceptors become hyperpolarized and mediate color vision.","Hyperpolarized, color vision","Depolarized, no color vision",,,,A,
,SK-22,Physiology,Which change keeps rod photoreceptors active in darkness?,Increased cGMP,Activation of nicotinic acetylcholine receptors,,,,A,
,SK-22,Surgery,A patient who ingested a corrosive acid is suspected to have an esophageal perforation; what is the next diagnostic investigation?,Water-soluble contrast esophagogram,Chest X-ray,,,,A,
,SK-22,Surgery,"A 40-year-old patient with long-standing postprandial right upper quadrant pain now has fever, leukocytosis, RUQ tenderness, and a positive Murphy sign. Ultrasound shows gallbladder wall thickening, multiple gallstones, and pericholecystic fluid; what is the most likely diagnosis?",Acute cholecystitis,Perforated gallbladder,,,,A,
,SK-22,Surgery,A man has a groin swelling that enlarges with coughing and shows a positive cough impulse; the swelling disappears when the deep inguinal ring is occluded. What is the most likely diagnosis?,Indirect inguinal hernia,Direct inguinal hernia,,,,A,
,SK-22,Surgery,A groin hernia located below and lateral to the pubic tubercle indicates which type of hernia?,Femoral hernia,Direct inguinal hernia,,,,A,
,SK-22,Surgery,A hernia bulges through Hesselbach's triangle. Which hernia type does this describe?,Direct inguinal,Hiatal,,,,A,
,SK-22,Surgery,A child has a groin swelling located lateral to the inferior epigastric artery. Which type of hernia is most likely?,Indirect inguinal hernia,Femoral hernia,,,,A,
,SK-22,Surgery,"After oncologic resection, anterior and circumferential surgical margins are negative, but 2 of 4 regional lymph nodes contain metastases. The surgeon is concerned because:",Nodes are positive,Tumor not staged,,,,A,
,SK-22,Surgery,A 52-year-old postoperative patient develops acute dyspnea. What is the most likely cause?,Deep vein thrombosis,Myocardial infarction,,,,A,
,SK-22,Surgery,"During placement of a central venous catheter, which access site carries the highest risk of pneumothorax?",Subclavian vein,Femoral artery,,,,A,
,SK-22,Surgery,A patient developed a deep vein thrombosis on postoperative day 8. Which of the following is the most likely cause?,Venous stasis,Hypernatremia,,,,A,
,SK-22,Surgery,"After thyroid surgery, a patient developed tetany with muscle twitching and seizures. Which electrolyte abnormality is most likely responsible?",Ca,Mg,,,,A,
,SK-22,Surgery,Which postoperative measure prevents recurrence after total thyroidectomy for thyroid cancer?,High-dose thyroxine,Low-dose thyroxine,,,,A,
,SK-22,Surgery,A patient presents with a thyroid swelling that is suspicious for malignancy. Which investigation most appropriately evaluates the thyroid tumor?,Fine-needle aspiration cytology (FNAC),Thyroid function tests,,,,A,
,SK-22,Surgery,"A patient has odynophagia, high-grade fever, leukocytosis (TLC 15,000), and a muffled ""hot-potato"" voice. What is the most likely diagnosis?",Peritonsillar abscess,Retropharyngeal abscess,,,,A,
,SK-22,Surgery,During mastoid antrum surgery an ENT surgeon encounters profuse bleeding from the posterior wall of the antrum. What is the most likely source of the hemorrhage?,Sigmoid sinus,Maxillary sinus,,,,A,
,SK-22,Surgery,A patient sprained the ankle after forced inversion while playing; which ligament is most likely injured?,Anterior talofibular,Patellar tendon,,,,A,
,SK-22,Surgery,A striker developed calf pain while running; the next day he had foot ecchymosis and severe pain but could still stand on his toes. What is the most likely diagnosis?,Plantaris tendon rupture,Acute otitis media,,,,A,
,SK-22,Surgery,A posterior acetabular fracture causes inability to dorsiflex the foot. Which nerve is injured?,Sciatic,Obturator,,,,A,
,SK-22,Surgery,A patient has a posterior hip dislocation and reports hip pain with referred pain to the knee. Which nerve is most likely injured?,Sciatic nerve,Obturator nerve,,,,A,
,SK-22,Surgery,"A young athlete fell on an outstretched hand and now has wrist pain, reduced grip strength, and carpal instability. Imaging shows disruption of the central stabilizing bone of the proximal carpal row; which bone is most likely injured?",Lunate,Pisiform,,,,A,
,SK-22,Surgery,A blow to the dorsum of the wrist over the extensor retinaculum's second compartment may injure which tendon passing through that compartment?,Extensor carpi radialis longus,Extensor pollicis brevis,,,,A,
,SK-22,Surgery,"On postoperative day 3 the patient develops abdominal pain, nausea, abdominal distension, and has not passed flatus for 22 hours. What is the immediate next step?",X-ray abdomen erect spine,ECG,,,,A,
,SK-22,Surgery,"A patient has severe hypotension, a rapid weak pulse, cold clammy skin, and markedly reduced urine output; which stage of shock does this indicate?",Stage 3 – Decompensated,Stage 2 – Recovery,,,,A,
,SK-22,Surgery,"A patient with blunt left-sided chest trauma is hypotensive, tachycardic, has distended neck veins, and muffled heart sounds. Which type of shock caused by mechanical obstruction to circulation does this presentation indicate?",Obstructive shock,Cardiogenic,,,,A,
,SK-22,Surgery,A patient involved in a road traffic accident has decreased breath sounds and hyperresonance on the right chest. What is the most likely diagnosis?,Right pneumothorax,Acute appendicitis,,,,A,
,SK-22,Surgery,A patient with burns involving 35% of total body surface area presents with hypovolemia. Which type of shock is most likely?,Hypovolemic shock,Psychogenic shock,,,,A,
,SK-22,Surgery,Paradoxical movement of a chest wall segment after chest trauma indicates which diagnosis?,Flail chest,Acute appendicitis,,,,A,
,SK-22,Surgery,A man sustained a stab wound to the neck one year ago. He now has a right-sided neck swelling that gradually appeared after the injury and enlarges with deep inspiration; what is the most likely cause?,Cervical lung herniation through a fascial defect,Enlarged cervical lymph nodes,,,,A,
,SK-22,Surgery,"A patient presents after a motor vehicle collision with left upper abdominal pain, hypotension, and signs of internal bleeding. Imaging shows hemoperitoneum; which organ is most likely injured?",Spleen (left side),Thyroid gland,,,,A,
,SK-22,Surgery,"A 35-year-old man presents after a road traffic accident with left upper quadrant pain, hypotension, and signs of intra-abdominal bleeding. X-rays show fractures of the left 9th and 10th ribs, and laparotomy reveals massive hemoperitoneum; which organ is the most likely source of bleeding?",Spleen,Left kidney,,,,A,
,SK-22,Surgery,"A patient involved in a motor vehicle collision is unconscious and in shock with tachycardia and hypotension. Besides initial resuscitation, which of the following should be added?",Calcium supplements,Diuretics,,,,A,
,SK-22,Surgery,A patient presents with flank pain and gross hematuria following trauma. What is the most appropriate next investigation?,Ultrasound,Complete urine examination,,,,A,
,SK-22,Surgery,"A lifelong cigarette smoker reports intermittent, painless episodes of visible hematuria. Which diagnosis should be suspected first?",Bladder carcinoma,IgA nephropathy,,,,A,
,SK-22,Surgery,"A 75-year-old man has urinary urgency, frequency, and nocturia without dysuria or hematuria. Digital rectal exam reveals a symmetrically enlarged, nontender prostate; what is the most likely diagnosis?",Benign Prostatic Hyperplasia (BPH),Testicular torsion,,,,A,
,SK-22,Surgery,An elderly man has difficulty initiating and stopping urination (urinary hesitancy and interrupted stream). Which structure is the most likely site of pathology?,Prostate,Bladder,,,,A,
